ticker,date,expiry,option_type,moneyness,strike,timestamp,open,high,low,close,volume
ACC,2023-02-21,2023-02-23,CALL,OTM2,1880,2023-02-21 09:15:00,18.0,18.9,15.0,18.0,5250
ACC,2023-02-21,2023-02-23,CALL,OTM2,1880,2023-02-21 09:16:00,17.85,17.85,17.35,17.35,14000
ACC,2023-02-21,2023-02-23,CALL,OTM2,1880,2023-02-21 09:17:00,17.25,18.2,17.25,18.2,20500
ACC,2023-02-21,2023-02-23,CALL,OTM2,1880,2023-02-21 09:18:00,19.85,20.9,19.75,20.75,36500
ACC,2023-02-21,2023-02-23,CALL,OTM2,1880,2023-02-21 09:19:00,21.45,21.6,19.5,19.5,37750
ACC,2023-02-21,2023-02-23,CALL,OTM2,1880,2023-02-21 09:20:00,19.0,19.0,17.6,17.6,16000
ACC,2023-02-21,2023-02-23,CALL,OTM2,1880,2023-02-21 09:21:00,17.9,17.9,17.3,17.3,8500
ACC,2023-02-21,2023-02-23,CALL,OTM2,1880,2023-02-21 09:22:00,16.0,16.4,14.0,14.2,8000
ACC,2023-02-21,2023-02-23,CALL,OTM2,1880,2023-02-21 09:23:00,15.5,16.25,15.5,16.25,10250
ACC,2023-02-21,2023-02-23,CALL,OTM2,1880,2023-02-21 09:24:00,16.9,18.05,16.9,18.05,5000
ACC,2023-02-21,2023-02-23,CALL,OTM2,1880,2023-02-21 09:25:00,16.0,16.9,16.0,16.9,3750
ACC,2023-02-21,2023-02-23,CALL,OTM2,1880,2023-02-21 09:26:00,17.5,18.0,17.5,18.0,2250
ACC,2023-02-21,2023-02-23,CALL,OTM2,1880,2023-02-21 09:27:00,20.45,20.45,19.7,19.7,2750
ACC,2023-02-21,2023-02-23,CALL,OTM2,1880,2023-02-21 09:28:00,18.45,18.95,18.45,18.95,14000
ACC,2023-02-21,2023-02-23,CALL,OTM2,1880,2023-02-21 09:29:00,17.25,18.75,17.25,18.75,4500
ACC,2023-02-21,2023-02-23,CALL,OTM2,1880,2023-02-21 09:30:00,19.55,19.9,18.65,19.35,7500
ACC,2023-02-21,2023-02-23,CALL,OTM2,1880,2023-02-21 09:31:00,19.4,21.55,19.0,19.0,14750
ACC,2023-02-21,2023-02-23,CALL,OTM2,1880,2023-02-21 09:32:00,18.8,19.65,18.45,18.95,6250
ACC,2023-02-21,2023-02-23,CALL,OTM2,1880,2023-02-21 09:33:00,19.45,21.0,18.8,20.75,7750
ACC,2023-02-21,2023-02-23,CALL,OTM2,1880,2023-02-21 09:34:00,20.1,20.85,18.75,20.4,9000
ACC,2023-02-21,2023-02-23,CALL,OTM2,1880,2023-02-21 09:35:00,21.05,21.5,18.7,18.7,8500
ACC,2023-02-21,2023-02-23,CALL,OTM2,1880,2023-02-21 09:36:00,18.1,18.1,16.6,16.6,6250
ACC,2023-02-21,2023-02-23,CALL,OTM2,1880,2023-02-21 09:37:00,17.15,18.15,16.6,18.05,6250
ACC,2023-02-21,2023-02-23,CALL,OTM2,1880,2023-02-21 09:38:00,18.0,19.0,18.0,19.0,2500
ACC,2023-02-21,2023-02-23,CALL,OTM2,1880,2023-02-21 09:39:00,18.9,19.65,18.9,19.6,7500
ACC,2023-02-21,2023-02-23,CALL,OTM2,1880,2023-02-21 09:40:00,19.5,19.5,18.0,18.55,4500
ACC,2023-02-21,2023-02-23,CALL,OTM2,1880,2023-02-21 09:41:00,18.5,18.7,18.5,18.7,1250
ACC,2023-02-21,2023-02-23,CALL,OTM2,1880,2023-02-21 09:42:00,19.25,20.45,19.25,20.0,3000
ACC,2023-02-21,2023-02-23,CALL,OTM2,1880,2023-02-21 09:43:00,20.0,20.0,19.0,19.0,2000
ACC,2023-02-21,2023-02-23,CALL,OTM2,1880,2023-02-21 09:44:00,18.5,18.5,18.5,18.5,1000
ACC,2023-02-21,2023-02-23,CALL,OTM2,1880,2023-02-21 09:45:00,18.2,18.2,18.0,18.0,5750
ACC,2023-02-21,2023-02-23,CALL,OTM2,1880,2023-02-21 09:46:00,17.0,17.4,14.85,14.85,5750
ACC,2023-02-21,2023-02-23,CALL,OTM2,1880,2023-02-21 09:47:00,15.1,15.1,14.5,15.0,2250
ACC,2023-02-21,2023-02-23,CALL,OTM2,1880,2023-02-21 09:48:00,14.7,15.6,14.7,15.6,4000
ACC,2023-02-21,2023-02-23,CALL,OTM2,1880,2023-02-21 09:49:00,16.4,16.7,16.4,16.7,4500
ACC,2023-02-21,2023-02-23,CALL,OTM2,1880,2023-02-21 09:50:00,16.35,17.0,16.35,17.0,1250
ACC,2023-02-21,2023-02-23,CALL,OTM2,1880,2023-02-21 09:51:00,16.9,16.9,15.85,15.85,500
ACC,2023-02-21,2023-02-23,CALL,OTM2,1880,2023-02-21 09:52:00,15.8,15.8,15.8,15.8,500
ACC,2023-02-21,2023-02-23,CALL,OTM2,1880,2023-02-21 09:53:00,15.65,15.65,15.0,15.0,2000
ACC,2023-02-21,2023-02-23,CALL,OTM2,1880,2023-02-21 09:54:00,13.9,14.2,13.9,14.2,4500
ACC,2023-02-21,2023-02-23,CALL,OTM2,1880,2023-02-21 09:56:00,14.2,14.2,13.75,13.75,500
ACC,2023-02-21,2023-02-23,CALL,OTM2,1880,2023-02-21 09:57:00,15.3,15.3,15.3,15.3,1000
ACC,2023-02-21,2023-02-23,CALL,OTM2,1880,2023-02-21 09:58:00,15.5,15.5,15.5,15.5,500
ACC,2023-02-21,2023-02-23,CALL,OTM2,1880,2023-02-21 09:59:00,16.9,16.9,16.9,16.9,1250
ACC,2023-02-21,2023-02-23,CALL,OTM2,1880,2023-02-21 10:00:00,16.75,16.75,16.75,16.75,250
ACC,2023-02-21,2023-02-23,CALL,OTM2,1880,2023-02-21 10:01:00,16.0,16.0,15.5,15.5,500
ACC,2023-02-21,2023-02-23,CALL,OTM2,1880,2023-02-21 10:02:00,15.7,15.7,15.7,15.7,250
ACC,2023-02-21,2023-02-23,CALL,OTM2,1880,2023-02-21 10:03:00,16.3,16.3,15.85,16.1,1500
ACC,2023-02-21,2023-02-23,CALL,OTM2,1880,2023-02-21 10:04:00,16.7,16.7,16.7,16.7,250
ACC,2023-02-21,2023-02-23,CALL,OTM2,1880,2023-02-21 10:05:00,16.1,16.3,16.1,16.3,1250
ACC,2023-02-21,2023-02-23,CALL,OTM2,1880,2023-02-21 10:06:00,16.5,17.9,16.5,16.75,5250
ACC,2023-02-21,2023-02-23,CALL,OTM2,1880,2023-02-21 10:07:00,16.85,18.7,16.75,18.3,15000
ACC,2023-02-21,2023-02-23,CALL,OTM2,1880,2023-02-21 10:08:00,18.6,18.6,18.6,18.6,250
ACC,2023-02-21,2023-02-23,CALL,OTM2,1880,2023-02-21 10:09:00,18.5,18.5,18.05,18.1,1000
ACC,2023-02-21,2023-02-23,CALL,OTM2,1880,2023-02-21 10:10:00,16.95,17.1,16.1,17.1,3000
ACC,2023-02-21,2023-02-23,CALL,OTM2,1880,2023-02-21 10:11:00,17.95,17.95,16.9,16.9,1250
ACC,2023-02-21,2023-02-23,CALL,OTM2,1880,2023-02-21 10:12:00,16.95,16.95,16.9,16.9,1000
ACC,2023-02-21,2023-02-23,CALL,OTM2,1880,2023-02-21 10:13:00,16.2,16.2,16.2,16.2,250
ACC,2023-02-21,2023-02-23,CALL,OTM2,1880,2023-02-21 10:14:00,16.2,16.2,16.0,16.0,750
ACC,2023-02-21,2023-02-23,CALL,OTM2,1880,2023-02-21 10:15:00,16.3,16.3,16.3,16.3,500
ACC,2023-02-21,2023-02-23,CALL,OTM2,1880,2023-02-21 10:17:00,16.5,16.5,16.5,16.5,750
ACC,2023-02-21,2023-02-23,CALL,OTM2,1880,2023-02-21 10:20:00,16.5,16.5,16.5,16.5,250
ACC,2023-02-21,2023-02-23,CALL,OTM2,1880,2023-02-21 10:22:00,15.8,16.0,15.8,16.0,3000
ACC,2023-02-21,2023-02-23,CALL,OTM2,1880,2023-02-21 10:23:00,16.1,16.1,16.0,16.0,1000
ACC,2023-02-21,2023-02-23,CALL,OTM2,1880,2023-02-21 10:25:00,15.95,15.95,15.5,15.5,750
ACC,2023-02-21,2023-02-23,CALL,OTM2,1880,2023-02-21 10:26:00,15.75,15.75,15.75,15.75,250
ACC,2023-02-21,2023-02-23,CALL,OTM2,1880,2023-02-21 10:27:00,15.35,15.5,15.35,15.5,2500
ACC,2023-02-21,2023-02-23,CALL,OTM2,1880,2023-02-21 10:28:00,15.0,15.15,15.0,15.15,1500
ACC,2023-02-21,2023-02-23,CALL,OTM2,1880,2023-02-21 10:29:00,15.95,15.95,15.95,15.95,750
ACC,2023-02-21,2023-02-23,CALL,OTM2,1880,2023-02-21 10:30:00,15.45,15.65,15.45,15.65,1750
ACC,2023-02-21,2023-02-23,CALL,OTM2,1880,2023-02-21 10:31:00,15.9,15.9,15.9,15.9,500
ACC,2023-02-21,2023-02-23,CALL,OTM2,1880,2023-02-21 10:32:00,16.0,16.0,16.0,16.0,750
ACC,2023-02-21,2023-02-23,CALL,OTM2,1880,2023-02-21 10:33:00,15.65,15.65,15.65,15.65,250
ACC,2023-02-21,2023-02-23,CALL,OTM2,1880,2023-02-21 10:34:00,15.65,15.65,15.65,15.65,500
ACC,2023-02-21,2023-02-23,CALL,OTM2,1880,2023-02-21 10:35:00,14.7,14.95,14.7,14.95,1000
ACC,2023-02-21,2023-02-23,CALL,OTM2,1880,2023-02-21 10:37:00,14.8,14.8,14.1,14.1,750
ACC,2023-02-21,2023-02-23,CALL,OTM2,1880,2023-02-21 10:38:00,13.7,14.1,13.7,14.1,750
ACC,2023-02-21,2023-02-23,CALL,OTM2,1880,2023-02-21 10:39:00,14.1,14.1,14.1,14.1,250
ACC,2023-02-21,2023-02-23,CALL,OTM2,1880,2023-02-21 10:42:00,14.8,14.8,14.8,14.8,250
ACC,2023-02-21,2023-02-23,CALL,OTM2,1880,2023-02-21 10:43:00,14.1,14.15,14.1,14.15,750
ACC,2023-02-21,2023-02-23,CALL,OTM2,1880,2023-02-21 10:44:00,14.0,14.0,14.0,14.0,3250
ACC,2023-02-21,2023-02-23,CALL,OTM2,1880,2023-02-21 10:45:00,13.75,13.75,13.75,13.75,250
ACC,2023-02-21,2023-02-23,CALL,OTM2,1880,2023-02-21 10:46:00,13.75,13.9,13.75,13.75,2750
ACC,2023-02-21,2023-02-23,CALL,OTM2,1880,2023-02-21 10:47:00,14.0,14.0,14.0,14.0,1250
ACC,2023-02-21,2023-02-23,CALL,OTM2,1880,2023-02-21 10:48:00,13.7,13.7,13.7,13.7,250
ACC,2023-02-21,2023-02-23,CALL,OTM2,1880,2023-02-21 10:49:00,13.7,13.7,13.65,13.65,1500
ACC,2023-02-21,2023-02-23,CALL,OTM2,1880,2023-02-21 10:50:00,13.0,13.0,13.0,13.0,750
ACC,2023-02-21,2023-02-23,CALL,OTM2,1880,2023-02-21 10:52:00,12.15,12.75,12.15,12.75,500
ACC,2023-02-21,2023-02-23,CALL,OTM2,1880,2023-02-21 10:53:00,12.65,12.75,12.65,12.75,1000
ACC,2023-02-21,2023-02-23,CALL,OTM2,1880,2023-02-21 10:54:00,12.8,12.8,12.8,12.8,250
ACC,2023-02-21,2023-02-23,CALL,OTM2,1880,2023-02-21 10:55:00,12.9,12.95,12.9,12.9,2000
ACC,2023-02-21,2023-02-23,CALL,OTM2,1880,2023-02-21 10:56:00,13.1,13.1,13.1,13.1,500
ACC,2023-02-21,2023-02-23,CALL,OTM2,1880,2023-02-21 10:57:00,13.1,13.1,13.1,13.1,500
ACC,2023-02-21,2023-02-23,CALL,OTM2,1880,2023-02-21 10:58:00,13.4,13.4,13.1,13.1,500
ACC,2023-02-21,2023-02-23,CALL,OTM2,1880,2023-02-21 11:00:00,12.65,12.65,12.65,12.65,250
ACC,2023-02-21,2023-02-23,CALL,OTM2,1880,2023-02-21 11:02:00,12.5,12.5,12.15,12.15,1500
ACC,2023-02-21,2023-02-23,CALL,OTM2,1880,2023-02-21 11:03:00,11.65,11.65,11.6,11.6,1750
ACC,2023-02-21,2023-02-23,CALL,OTM2,1880,2023-02-21 11:04:00,11.45,11.45,11.45,11.45,250
ACC,2023-02-21,2023-02-23,CALL,OTM2,1880,2023-02-21 11:06:00,11.75,11.75,11.75,11.75,750
ACC,2023-02-21,2023-02-23,CALL,OTM2,1880,2023-02-21 11:07:00,11.6,11.75,11.6,11.75,1000
ACC,2023-02-21,2023-02-23,CALL,OTM2,1880,2023-02-21 11:09:00,11.4,11.4,11.4,11.4,750
ACC,2023-02-21,2023-02-23,CALL,OTM2,1880,2023-02-21 11:10:00,11.35,11.55,11.35,11.55,500
ACC,2023-02-21,2023-02-23,CALL,OTM2,1880,2023-02-21 11:12:00,11.95,11.95,11.95,11.95,1250
ACC,2023-02-21,2023-02-23,CALL,OTM2,1880,2023-02-21 11:13:00,12.0,12.0,11.95,11.95,1500
ACC,2023-02-21,2023-02-23,CALL,OTM2,1880,2023-02-21 11:14:00,11.6,11.6,11.6,11.6,250
ACC,2023-02-21,2023-02-23,CALL,OTM2,1880,2023-02-21 11:17:00,11.35,11.35,11.05,11.05,500
ACC,2023-02-21,2023-02-23,CALL,OTM2,1880,2023-02-21 11:18:00,10.6,11.1,10.6,11.1,1000
ACC,2023-02-21,2023-02-23,CALL,OTM2,1880,2023-02-21 11:19:00,11.05,11.55,11.05,11.25,1000
ACC,2023-02-21,2023-02-23,CALL,OTM2,1880,2023-02-21 11:20:00,10.95,11.05,10.95,11.05,1000
ACC,2023-02-21,2023-02-23,CALL,OTM2,1880,2023-02-21 11:21:00,11.65,11.65,11.65,11.65,250
ACC,2023-02-21,2023-02-23,CALL,OTM2,1880,2023-02-21 11:22:00,11.4,11.4,11.4,11.4,250
ACC,2023-02-21,2023-02-23,CALL,OTM2,1880,2023-02-21 11:23:00,11.4,11.4,11.3,11.3,500
ACC,2023-02-21,2023-02-23,CALL,OTM2,1880,2023-02-21 11:27:00,10.9,10.9,10.9,10.9,250
ACC,2023-02-21,2023-02-23,CALL,OTM2,1880,2023-02-21 11:28:00,10.8,10.8,10.8,10.8,250
ACC,2023-02-21,2023-02-23,CALL,OTM2,1880,2023-02-21 11:29:00,10.5,10.55,10.5,10.55,2250
ACC,2023-02-21,2023-02-23,CALL,OTM2,1880,2023-02-21 11:30:00,10.2,10.2,10.2,10.2,500
ACC,2023-02-21,2023-02-23,CALL,OTM2,1880,2023-02-21 11:31:00,9.65,9.7,9.65,9.7,2500
ACC,2023-02-21,2023-02-23,CALL,OTM2,1880,2023-02-21 11:32:00,9.7,9.7,9.65,9.65,1000
ACC,2023-02-21,2023-02-23,CALL,OTM2,1880,2023-02-21 11:33:00,9.55,9.7,9.55,9.7,500
ACC,2023-02-21,2023-02-23,CALL,OTM2,1880,2023-02-21 11:34:00,9.7,9.8,9.7,9.8,1000
ACC,2023-02-21,2023-02-23,CALL,OTM2,1880,2023-02-21 11:35:00,10.35,10.35,10.35,10.35,750
ACC,2023-02-21,2023-02-23,CALL,OTM2,1880,2023-02-21 11:36:00,10.5,10.7,10.5,10.7,750
ACC,2023-02-21,2023-02-23,CALL,OTM2,1880,2023-02-21 11:37:00,10.8,10.8,10.8,10.8,250
ACC,2023-02-21,2023-02-23,CALL,OTM2,1880,2023-02-21 11:40:00,10.95,10.95,10.95,10.95,250
ACC,2023-02-21,2023-02-23,CALL,OTM2,1880,2023-02-21 11:42:00,10.85,10.85,10.85,10.85,250
ACC,2023-02-21,2023-02-23,CALL,OTM2,1880,2023-02-21 11:43:00,10.75,10.75,10.75,10.75,500
ACC,2023-02-21,2023-02-23,CALL,OTM2,1880,2023-02-21 11:46:00,10.2,10.8,9.95,10.8,2250
ACC,2023-02-21,2023-02-23,CALL,OTM2,1880,2023-02-21 11:47:00,11.05,11.05,11.05,11.05,1750
ACC,2023-02-21,2023-02-23,CALL,OTM2,1880,2023-02-21 11:48:00,10.5,10.5,9.35,10.25,1750
ACC,2023-02-21,2023-02-23,CALL,OTM2,1880,2023-02-21 11:49:00,10.4,10.5,10.4,10.5,1750
ACC,2023-02-21,2023-02-23,CALL,OTM2,1880,2023-02-21 11:54:00,10.0,10.0,10.0,10.0,250
ACC,2023-02-21,2023-02-23,CALL,OTM2,1880,2023-02-21 11:55:00,10.0,10.0,10.0,10.0,250
ACC,2023-02-21,2023-02-23,CALL,OTM2,1880,2023-02-21 11:59:00,11.0,11.0,10.9,10.9,750
ACC,2023-02-21,2023-02-23,CALL,OTM2,1880,2023-02-21 12:01:00,11.25,11.25,11.25,11.25,250
ACC,2023-02-21,2023-02-23,CALL,OTM2,1880,2023-02-21 12:02:00,10.6,10.6,10.6,10.6,250
ACC,2023-02-21,2023-02-23,CALL,OTM2,1880,2023-02-21 12:05:00,10.5,10.5,10.5,10.5,250
ACC,2023-02-21,2023-02-23,CALL,OTM2,1880,2023-02-21 12:06:00,10.2,10.2,10.2,10.2,250
ACC,2023-02-21,2023-02-23,CALL,OTM2,1880,2023-02-21 12:10:00,9.5,9.5,9.05,9.1,1750
ACC,2023-02-21,2023-02-23,CALL,OTM2,1880,2023-02-21 12:11:00,8.85,9.2,8.85,9.2,750
ACC,2023-02-21,2023-02-23,CALL,OTM2,1880,2023-02-21 12:13:00,8.9,8.9,8.9,8.9,250
ACC,2023-02-21,2023-02-23,CALL,OTM2,1880,2023-02-21 12:14:00,9.1,9.1,9.1,9.1,250
ACC,2023-02-21,2023-02-23,CALL,OTM2,1880,2023-02-21 12:17:00,8.65,8.65,8.65,8.65,1000
ACC,2023-02-21,2023-02-23,CALL,OTM2,1880,2023-02-21 12:19:00,8.15,8.8,8.15,8.8,1250
ACC,2023-02-21,2023-02-23,CALL,OTM2,1880,2023-02-21 12:20:00,8.7,8.8,8.7,8.8,1750
ACC,2023-02-21,2023-02-23,CALL,OTM2,1880,2023-02-21 12:21:00,8.75,8.75,8.75,8.75,500
ACC,2023-02-21,2023-02-23,CALL,OTM2,1880,2023-02-21 12:22:00,8.4,8.5,8.4,8.5,750
ACC,2023-02-21,2023-02-23,CALL,OTM2,1880,2023-02-21 12:23:00,8.0,8.0,7.75,7.75,1250
ACC,2023-02-21,2023-02-23,CALL,OTM2,1880,2023-02-21 12:24:00,7.85,7.85,7.85,7.85,500
ACC,2023-02-21,2023-02-23,CALL,OTM2,1880,2023-02-21 12:25:00,7.9,7.9,7.85,7.85,1250
ACC,2023-02-21,2023-02-23,CALL,OTM2,1880,2023-02-21 12:26:00,7.95,7.95,7.95,7.95,1250
ACC,2023-02-21,2023-02-23,CALL,OTM2,1880,2023-02-21 12:27:00,7.9,8.15,7.9,8.15,500
ACC,2023-02-21,2023-02-23,CALL,OTM2,1880,2023-02-21 12:28:00,8.5,8.5,8.5,8.5,500
ACC,2023-02-21,2023-02-23,CALL,OTM2,1880,2023-02-21 12:29:00,8.65,8.65,8.5,8.5,1000
ACC,2023-02-21,2023-02-23,CALL,OTM2,1880,2023-02-21 12:30:00,8.45,8.45,8.45,8.45,250
ACC,2023-02-21,2023-02-23,CALL,OTM2,1880,2023-02-21 12:31:00,8.7,8.7,8.7,8.7,250
ACC,2023-02-21,2023-02-23,CALL,OTM2,1880,2023-02-21 12:32:00,8.45,8.45,8.45,8.45,750
ACC,2023-02-21,2023-02-23,CALL,OTM2,1880,2023-02-21 12:33:00,8.3,8.3,8.2,8.2,1250
ACC,2023-02-21,2023-02-23,CALL,OTM2,1880,2023-02-21 12:34:00,8.0,8.0,7.8,7.8,1000
ACC,2023-02-21,2023-02-23,CALL,OTM2,1880,2023-02-21 12:35:00,7.7,7.8,7.55,7.6,3750
ACC,2023-02-21,2023-02-23,CALL,OTM2,1880,2023-02-21 12:36:00,8.0,8.0,8.0,8.0,750
ACC,2023-02-21,2023-02-23,CALL,OTM2,1880,2023-02-21 12:38:00,7.9,7.9,7.9,7.9,250
ACC,2023-02-21,2023-02-23,CALL,OTM2,1880,2023-02-21 12:39:00,8.0,8.35,8.0,8.35,1250
ACC,2023-02-21,2023-02-23,CALL,OTM2,1880,2023-02-21 12:40:00,8.45,8.55,8.45,8.55,1000
ACC,2023-02-21,2023-02-23,CALL,OTM2,1880,2023-02-21 12:41:00,8.6,8.75,8.6,8.75,500
ACC,2023-02-21,2023-02-23,CALL,OTM2,1880,2023-02-21 12:43:00,8.8,8.8,8.8,8.8,1000
ACC,2023-02-21,2023-02-23,CALL,OTM2,1880,2023-02-21 12:44:00,8.85,8.85,8.85,8.85,250
ACC,2023-02-21,2023-02-23,CALL,OTM2,1880,2023-02-21 12:47:00,8.85,8.85,8.85,8.85,250
ACC,2023-02-21,2023-02-23,CALL,OTM2,1880,2023-02-21 12:48:00,8.7,8.7,8.7,8.7,750
ACC,2023-02-21,2023-02-23,CALL,OTM2,1880,2023-02-21 12:50:00,8.55,8.55,8.15,8.4,1750
ACC,2023-02-21,2023-02-23,CALL,OTM2,1880,2023-02-21 12:51:00,8.05,8.05,8.05,8.05,1000
ACC,2023-02-21,2023-02-23,CALL,OTM2,1880,2023-02-21 12:52:00,8.0,8.0,8.0,8.0,1000
ACC,2023-02-21,2023-02-23,CALL,OTM2,1880,2023-02-21 12:54:00,8.0,8.0,8.0,8.0,1500
ACC,2023-02-21,2023-02-23,CALL,OTM2,1880,2023-02-21 12:57:00,7.85,7.85,7.85,7.85,500
ACC,2023-02-21,2023-02-23,CALL,OTM2,1880,2023-02-21 12:59:00,8.0,8.0,8.0,8.0,250
ACC,2023-02-21,2023-02-23,CALL,OTM2,1880,2023-02-21 13:01:00,8.1,8.1,7.85,7.85,750
ACC,2023-02-21,2023-02-23,CALL,OTM2,1880,2023-02-21 13:02:00,7.75,7.75,7.75,7.75,500
ACC,2023-02-21,2023-02-23,CALL,OTM2,1880,2023-02-21 13:03:00,7.75,7.75,7.75,7.75,250
ACC,2023-02-21,2023-02-23,CALL,OTM2,1880,2023-02-21 13:05:00,7.65,7.65,7.65,7.65,250
ACC,2023-02-21,2023-02-23,CALL,OTM2,1880,2023-02-21 13:07:00,8.0,8.0,8.0,8.0,500
ACC,2023-02-21,2023-02-23,CALL,OTM2,1880,2023-02-21 13:08:00,7.95,8.25,7.95,8.25,500
ACC,2023-02-21,2023-02-23,CALL,OTM2,1880,2023-02-21 13:09:00,8.45,8.45,8.45,8.45,250
ACC,2023-02-21,2023-02-23,CALL,OTM2,1880,2023-02-21 13:12:00,8.75,8.75,8.6,8.6,2250
ACC,2023-02-21,2023-02-23,CALL,OTM2,1880,2023-02-21 13:13:00,8.5,8.5,8.5,8.5,250
ACC,2023-02-21,2023-02-23,CALL,OTM2,1880,2023-02-21 13:14:00,8.7,8.7,8.7,8.7,250
ACC,2023-02-21,2023-02-23,CALL,OTM2,1880,2023-02-21 13:20:00,8.5,8.5,8.5,8.5,250
ACC,2023-02-21,2023-02-23,CALL,OTM2,1880,2023-02-21 13:21:00,8.3,8.3,8.3,8.3,500
ACC,2023-02-21,2023-02-23,CALL,OTM2,1880,2023-02-21 13:22:00,8.25,8.25,8.25,8.25,250
ACC,2023-02-21,2023-02-23,CALL,OTM2,1880,2023-02-21 13:25:00,8.35,8.4,8.35,8.4,1750
ACC,2023-02-21,2023-02-23,CALL,OTM2,1880,2023-02-21 13:26:00,8.5,8.5,8.5,8.5,1000
ACC,2023-02-21,2023-02-23,CALL,OTM2,1880,2023-02-21 13:31:00,8.1,8.1,8.1,8.1,250
ACC,2023-02-21,2023-02-23,CALL,OTM2,1880,2023-02-21 13:32:00,8.1,8.1,8.1,8.1,500
ACC,2023-02-21,2023-02-23,CALL,OTM2,1880,2023-02-21 13:33:00,8.4,8.4,8.4,8.4,250
ACC,2023-02-21,2023-02-23,CALL,OTM2,1880,2023-02-21 13:35:00,8.4,8.4,8.4,8.4,250
ACC,2023-02-21,2023-02-23,CALL,OTM2,1880,2023-02-21 13:36:00,8.5,8.5,8.5,8.5,750
ACC,2023-02-21,2023-02-23,CALL,OTM2,1880,2023-02-21 13:44:00,8.5,8.5,8.5,8.5,500
ACC,2023-02-21,2023-02-23,CALL,OTM2,1880,2023-02-21 13:48:00,8.05,8.05,8.05,8.05,750
ACC,2023-02-21,2023-02-23,CALL,OTM2,1880,2023-02-21 13:49:00,8.15,8.15,8.15,8.15,250
ACC,2023-02-21,2023-02-23,CALL,OTM2,1880,2023-02-21 13:52:00,8.05,8.05,8.05,8.05,250
ACC,2023-02-21,2023-02-23,CALL,OTM2,1880,2023-02-21 13:54:00,8.25,8.25,8.25,8.25,500
ACC,2023-02-21,2023-02-23,CALL,OTM2,1880,2023-02-21 13:57:00,8.45,8.45,8.45,8.45,250
ACC,2023-02-21,2023-02-23,CALL,OTM2,1880,2023-02-21 14:02:00,8.05,8.05,8.0,8.0,1000
ACC,2023-02-21,2023-02-23,CALL,OTM2,1880,2023-02-21 14:03:00,8.1,8.1,8.1,8.1,500
ACC,2023-02-21,2023-02-23,CALL,OTM2,1880,2023-02-21 14:05:00,8.0,8.0,8.0,8.0,1250
ACC,2023-02-21,2023-02-23,CALL,OTM2,1880,2023-02-21 14:06:00,8.0,8.0,8.0,8.0,500
ACC,2023-02-21,2023-02-23,CALL,OTM2,1880,2023-02-21 14:07:00,8.55,8.55,8.55,8.55,250
ACC,2023-02-21,2023-02-23,CALL,OTM2,1880,2023-02-21 14:08:00,8.25,8.25,8.0,8.0,1000
ACC,2023-02-21,2023-02-23,CALL,OTM2,1880,2023-02-21 14:09:00,8.25,8.25,8.25,8.25,250
ACC,2023-02-21,2023-02-23,CALL,OTM2,1880,2023-02-21 14:10:00,8.0,8.1,8.0,8.1,500
ACC,2023-02-21,2023-02-23,CALL,OTM2,1880,2023-02-21 14:11:00,8.05,8.05,8.05,8.05,250
ACC,2023-02-21,2023-02-23,CALL,OTM2,1880,2023-02-21 14:13:00,7.85,8.05,7.85,8.05,500
ACC,2023-02-21,2023-02-23,CALL,OTM2,1880,2023-02-21 14:14:00,7.85,7.85,7.85,7.85,250
ACC,2023-02-21,2023-02-23,CALL,OTM2,1880,2023-02-21 14:15:00,7.5,7.5,7.5,7.5,250
ACC,2023-02-21,2023-02-23,CALL,OTM2,1880,2023-02-21 14:16:00,7.5,7.5,7.5,7.5,250
ACC,2023-02-21,2023-02-23,CALL,OTM2,1880,2023-02-21 14:17:00,7.45,7.45,7.45,7.45,250
ACC,2023-02-21,2023-02-23,CALL,OTM2,1880,2023-02-21 14:18:00,7.35,7.35,7.35,7.35,500
ACC,2023-02-21,2023-02-23,CALL,OTM2,1880,2023-02-21 14:20:00,7.1,7.1,7.1,7.1,250
ACC,2023-02-21,2023-02-23,CALL,OTM2,1880,2023-02-21 14:21:00,7.1,7.1,7.1,7.1,1250
ACC,2023-02-21,2023-02-23,CALL,OTM2,1880,2023-02-21 14:22:00,6.7,6.75,6.7,6.75,3000
ACC,2023-02-21,2023-02-23,CALL,OTM2,1880,2023-02-21 14:23:00,6.45,6.5,6.4,6.4,2750
ACC,2023-02-21,2023-02-23,CALL,OTM2,1880,2023-02-21 14:24:00,6.5,6.5,6.35,6.35,750
ACC,2023-02-21,2023-02-23,CALL,OTM2,1880,2023-02-21 14:27:00,6.65,6.65,6.65,6.65,250
ACC,2023-02-21,2023-02-23,CALL,OTM2,1880,2023-02-21 14:28:00,5.65,6.45,5.65,6.4,2750
ACC,2023-02-21,2023-02-23,CALL,OTM2,1880,2023-02-21 14:29:00,6.45,6.45,6.45,6.45,500
ACC,2023-02-21,2023-02-23,CALL,OTM2,1880,2023-02-21 14:30:00,6.5,6.55,6.5,6.55,1000
ACC,2023-02-21,2023-02-23,CALL,OTM2,1880,2023-02-21 14:31:00,6.85,6.85,6.85,6.85,250
ACC,2023-02-21,2023-02-23,CALL,OTM2,1880,2023-02-21 14:34:00,6.75,7.0,6.75,7.0,500
ACC,2023-02-21,2023-02-23,CALL,OTM2,1880,2023-02-21 14:35:00,6.95,6.95,6.95,6.95,250
ACC,2023-02-21,2023-02-23,CALL,OTM2,1880,2023-02-21 14:37:00,7.1,7.1,7.1,7.1,250
ACC,2023-02-21,2023-02-23,CALL,OTM2,1880,2023-02-21 14:39:00,7.25,7.25,7.25,7.25,500
ACC,2023-02-21,2023-02-23,CALL,OTM2,1880,2023-02-21 14:40:00,6.95,6.95,6.95,6.95,250
ACC,2023-02-21,2023-02-23,CALL,OTM2,1880,2023-02-21 14:41:00,6.95,6.95,6.95,6.95,250
ACC,2023-02-21,2023-02-23,CALL,OTM2,1880,2023-02-21 14:42:00,7.15,7.15,7.15,7.15,500
ACC,2023-02-21,2023-02-23,CALL,OTM2,1880,2023-02-21 14:43:00,7.6,7.6,7.45,7.45,2000
ACC,2023-02-21,2023-02-23,CALL,OTM2,1880,2023-02-21 14:45:00,7.8,7.8,7.8,7.8,250
ACC,2023-02-21,2023-02-23,CALL,OTM2,1880,2023-02-21 14:46:00,7.85,7.85,7.85,7.85,250
ACC,2023-02-21,2023-02-23,CALL,OTM2,1880,2023-02-21 14:47:00,7.85,7.85,7.85,7.85,250
ACC,2023-02-21,2023-02-23,CALL,OTM2,1880,2023-02-21 14:48:00,7.7,7.7,7.7,7.7,500
ACC,2023-02-21,2023-02-23,CALL,OTM2,1880,2023-02-21 14:49:00,7.7,8.0,7.7,8.0,750
ACC,2023-02-21,2023-02-23,CALL,OTM2,1880,2023-02-21 14:50:00,8.25,8.25,8.25,8.25,1000
ACC,2023-02-21,2023-02-23,CALL,OTM2,1880,2023-02-21 14:51:00,8.25,8.25,8.25,8.25,500
ACC,2023-02-21,2023-02-23,CALL,OTM2,1880,2023-02-21 14:52:00,7.85,8.5,7.85,8.5,1500
ACC,2023-02-21,2023-02-23,CALL,OTM2,1880,2023-02-21 14:57:00,8.0,8.0,8.0,8.0,250
ACC,2023-02-21,2023-02-23,CALL,OTM2,1880,2023-02-21 14:58:00,8.1,8.1,8.05,8.05,750
ACC,2023-02-21,2023-02-23,CALL,OTM2,1880,2023-02-21 15:00:00,8.8,8.8,8.8,8.8,750
ACC,2023-02-21,2023-02-23,CALL,OTM2,1880,2023-02-21 15:01:00,8.55,8.55,8.3,8.3,750
ACC,2023-02-21,2023-02-23,CALL,OTM2,1880,2023-02-21 15:02:00,8.25,8.25,8.25,8.25,500
ACC,2023-02-21,2023-02-23,CALL,OTM2,1880,2023-02-21 15:05:00,7.35,7.35,7.35,7.35,500
ACC,2023-02-21,2023-02-23,CALL,OTM2,1880,2023-02-21 15:06:00,7.35,7.35,7.35,7.35,500
ACC,2023-02-21,2023-02-23,CALL,OTM2,1880,2023-02-21 15:07:00,7.4,7.45,7.4,7.45,2000
ACC,2023-02-21,2023-02-23,CALL,OTM2,1880,2023-02-21 15:08:00,7.2,7.3,7.2,7.3,1000
ACC,2023-02-21,2023-02-23,CALL,OTM2,1880,2023-02-21 15:09:00,7.25,7.25,7.2,7.25,2750
ACC,2023-02-21,2023-02-23,CALL,OTM2,1880,2023-02-21 15:10:00,8.3,8.3,8.25,8.25,1000
ACC,2023-02-21,2023-02-23,CALL,OTM2,1880,2023-02-21 15:11:00,7.85,7.85,7.85,7.85,250
ACC,2023-02-21,2023-02-23,CALL,OTM2,1880,2023-02-21 15:15:00,7.5,7.75,7.5,7.75,1750
ACC,2023-02-21,2023-02-23,CALL,OTM2,1880,2023-02-21 15:16:00,8.15,8.2,8.05,8.2,7500
ACC,2023-02-21,2023-02-23,CALL,OTM2,1880,2023-02-21 15:17:00,8.2,8.2,7.75,7.9,1750
ACC,2023-02-21,2023-02-23,CALL,OTM2,1880,2023-02-21 15:18:00,8.1,8.1,7.95,7.95,500
ACC,2023-02-21,2023-02-23,CALL,OTM2,1880,2023-02-21 15:19:00,8.0,8.25,8.0,8.25,1000
ACC,2023-02-21,2023-02-23,CALL,OTM2,1880,2023-02-21 15:20:00,7.8,8.05,7.8,8.05,1250
ACC,2023-02-21,2023-02-23,CALL,OTM2,1880,2023-02-21 15:21:00,8.0,8.0,7.2,7.5,2250
ACC,2023-02-21,2023-02-23,CALL,OTM2,1880,2023-02-21 15:22:00,7.95,7.95,7.7,7.7,1500
ACC,2023-02-21,2023-02-23,CALL,OTM2,1880,2023-02-21 15:23:00,7.3,7.9,7.3,7.9,3000
ACC,2023-02-21,2023-02-23,CALL,OTM2,1880,2023-02-21 15:24:00,7.9,7.9,7.65,7.65,1250
ACC,2023-02-21,2023-02-23,CALL,OTM2,1880,2023-02-21 15:26:00,7.35,7.35,7.05,7.1,2250
ACC,2023-02-21,2023-02-23,CALL,OTM2,1880,2023-02-21 15:28:00,7.45,7.45,7.35,7.35,1000
ACC,2023-02-21,2023-02-23,CALL,OTM2,1880,2023-02-21 15:29:00,5.95,5.95,5.95,5.95,1250
ACC,2023-02-21,2023-02-23,CALL,ATM,1860,2023-02-21 09:15:00,24.45,25.6,23.45,24.0,5000
ACC,2023-02-21,2023-02-23,CALL,ATM,1860,2023-02-21 09:16:00,24.75,24.75,24.45,24.45,27750
ACC,2023-02-21,2023-02-23,CALL,ATM,1860,2023-02-21 09:17:00,23.4,24.7,23.4,24.7,13500
ACC,2023-02-21,2023-02-23,CALL,ATM,1860,2023-02-21 09:18:00,26.05,27.5,26.0,27.3,14500
ACC,2023-02-21,2023-02-23,CALL,ATM,1860,2023-02-21 09:19:00,28.3,28.3,25.0,25.75,13000
ACC,2023-02-21,2023-02-23,CALL,ATM,1860,2023-02-21 09:20:00,25.35,25.35,22.5,23.0,10500
ACC,2023-02-21,2023-02-23,CALL,ATM,1860,2023-02-21 09:21:00,23.0,24.0,22.05,22.55,11250
ACC,2023-02-21,2023-02-23,CALL,ATM,1860,2023-02-21 09:22:00,21.95,22.9,19.3,19.3,7000
ACC,2023-02-21,2023-02-23,CALL,ATM,1860,2023-02-21 09:23:00,19.95,23.55,19.95,22.75,6500
ACC,2023-02-21,2023-02-23,CALL,ATM,1860,2023-02-21 09:24:00,22.75,24.5,22.75,23.65,8750
ACC,2023-02-21,2023-02-23,CALL,ATM,1860,2023-02-21 09:25:00,23.45,23.45,21.95,21.95,4000
ACC,2023-02-21,2023-02-23,CALL,ATM,1860,2023-02-21 09:26:00,23.95,25.85,23.5,24.75,7250
ACC,2023-02-21,2023-02-23,CALL,ATM,1860,2023-02-21 09:27:00,26.0,26.15,26.0,26.15,1750
ACC,2023-02-21,2023-02-23,CALL,ATM,1860,2023-02-21 09:28:00,24.65,26.95,22.25,22.25,6500
ACC,2023-02-21,2023-02-23,CALL,ATM,1860,2023-02-21 09:29:00,23.0,27.15,23.0,26.9,4250
ACC,2023-02-21,2023-02-23,CALL,ATM,1860,2023-02-21 09:30:00,26.85,26.85,24.9,26.7,12250
ACC,2023-02-21,2023-02-23,CALL,ATM,1860,2023-02-21 09:31:00,26.85,30.2,26.0,26.0,18750
ACC,2023-02-21,2023-02-23,CALL,ATM,1860,2023-02-21 09:32:00,27.35,27.65,26.75,27.35,5000
ACC,2023-02-21,2023-02-23,CALL,ATM,1860,2023-02-21 09:33:00,27.75,29.25,27.45,28.35,7000
ACC,2023-02-21,2023-02-23,CALL,ATM,1860,2023-02-21 09:34:00,28.2,28.35,27.1,28.35,1750
ACC,2023-02-21,2023-02-23,CALL,ATM,1860,2023-02-21 09:35:00,28.5,28.55,25.2,25.2,8250
ACC,2023-02-21,2023-02-23,CALL,ATM,1860,2023-02-21 09:36:00,25.0,25.0,23.0,24.05,5500
ACC,2023-02-21,2023-02-23,CALL,ATM,1860,2023-02-21 09:37:00,23.5,25.45,23.5,25.45,6750
ACC,2023-02-21,2023-02-23,CALL,ATM,1860,2023-02-21 09:38:00,24.8,26.0,24.8,26.0,1750
ACC,2023-02-21,2023-02-23,CALL,ATM,1860,2023-02-21 09:39:00,26.6,28.1,25.1,28.1,7000
ACC,2023-02-21,2023-02-23,CALL,ATM,1860,2023-02-21 09:40:00,26.55,26.55,25.6,25.95,3000
ACC,2023-02-21,2023-02-23,CALL,ATM,1860,2023-02-21 09:41:00,26.0,26.25,26.0,26.0,1250
ACC,2023-02-21,2023-02-23,CALL,ATM,1860,2023-02-21 09:42:00,26.25,27.65,26.0,27.15,1750
ACC,2023-02-21,2023-02-23,CALL,ATM,1860,2023-02-21 09:43:00,26.35,27.0,25.7,27.0,2750
ACC,2023-02-21,2023-02-23,CALL,ATM,1860,2023-02-21 09:44:00,25.4,25.4,24.8,24.8,500
ACC,2023-02-21,2023-02-23,CALL,ATM,1860,2023-02-21 09:46:00,23.4,24.0,20.95,20.95,9000
ACC,2023-02-21,2023-02-23,CALL,ATM,1860,2023-02-21 09:47:00,21.0,21.8,21.0,21.8,1000
ACC,2023-02-21,2023-02-23,CALL,ATM,1860,2023-02-21 09:48:00,21.8,24.0,21.15,24.0,3000
ACC,2023-02-21,2023-02-23,CALL,ATM,1860,2023-02-21 09:49:00,23.95,24.9,22.2,23.1,2750
ACC,2023-02-21,2023-02-23,CALL,ATM,1860,2023-02-21 09:50:00,23.0,23.0,23.0,23.0,4500
ACC,2023-02-21,2023-02-23,CALL,ATM,1860,2023-02-21 09:51:00,23.0,23.0,22.75,22.75,1000
ACC,2023-02-21,2023-02-23,CALL,ATM,1860,2023-02-21 09:52:00,23.15,23.15,22.0,22.0,2250
ACC,2023-02-21,2023-02-23,CALL,ATM,1860,2023-02-21 09:53:00,21.0,21.75,21.0,21.75,1250
ACC,2023-02-21,2023-02-23,CALL,ATM,1860,2023-02-21 09:54:00,22.0,22.0,22.0,22.0,250
ACC,2023-02-21,2023-02-23,CALL,ATM,1860,2023-02-21 09:55:00,21.05,21.05,21.05,21.05,250
ACC,2023-02-21,2023-02-23,CALL,ATM,1860,2023-02-21 09:56:00,21.0,21.05,21.0,21.05,1000
ACC,2023-02-21,2023-02-23,CALL,ATM,1860,2023-02-21 09:58:00,24.1,24.1,23.9,23.9,1750
ACC,2023-02-21,2023-02-23,CALL,ATM,1860,2023-02-21 09:59:00,23.9,24.0,23.9,24.0,7500
ACC,2023-02-21,2023-02-23,CALL,ATM,1860,2023-02-21 10:00:00,24.8,24.8,23.0,24.2,2000
ACC,2023-02-21,2023-02-23,CALL,ATM,1860,2023-02-21 10:01:00,22.0,22.0,22.0,22.0,1750
ACC,2023-02-21,2023-02-23,CALL,ATM,1860,2023-02-21 10:02:00,23.3,23.3,23.3,23.3,250
ACC,2023-02-21,2023-02-23,CALL,ATM,1860,2023-02-21 10:03:00,23.2,23.2,23.2,23.2,1250
ACC,2023-02-21,2023-02-23,CALL,ATM,1860,2023-02-21 10:05:00,23.25,23.45,23.25,23.45,1000
ACC,2023-02-21,2023-02-23,CALL,ATM,1860,2023-02-21 10:06:00,23.5,24.0,23.5,24.0,2750
ACC,2023-02-21,2023-02-23,CALL,ATM,1860,2023-02-21 10:07:00,24.5,25.0,23.6,25.0,4000
ACC,2023-02-21,2023-02-23,CALL,ATM,1860,2023-02-21 10:08:00,26.45,26.45,25.0,25.0,4500
ACC,2023-02-21,2023-02-23,CALL,ATM,1860,2023-02-21 10:09:00,25.4,25.4,24.4,24.4,1250
ACC,2023-02-21,2023-02-23,CALL,ATM,1860,2023-02-21 10:10:00,25.15,25.15,24.0,24.4,1250
ACC,2023-02-21,2023-02-23,CALL,ATM,1860,2023-02-21 10:11:00,24.25,24.25,23.7,23.7,1000
ACC,2023-02-21,2023-02-23,CALL,ATM,1860,2023-02-21 10:12:00,23.5,23.5,23.5,23.5,250
ACC,2023-02-21,2023-02-23,CALL,ATM,1860,2023-02-21 10:13:00,23.2,23.45,23.0,23.35,1000
ACC,2023-02-21,2023-02-23,CALL,ATM,1860,2023-02-21 10:14:00,23.1,23.1,23.1,23.1,250
ACC,2023-02-21,2023-02-23,CALL,ATM,1860,2023-02-21 10:17:00,23.4,23.4,23.4,23.4,500
ACC,2023-02-21,2023-02-23,CALL,ATM,1860,2023-02-21 10:20:00,23.2,23.2,23.2,23.2,750
ACC,2023-02-21,2023-02-23,CALL,ATM,1860,2023-02-21 10:21:00,23.2,23.2,21.95,21.95,750
ACC,2023-02-21,2023-02-23,CALL,ATM,1860,2023-02-21 10:24:00,22.6,22.6,22.6,22.6,250
ACC,2023-02-21,2023-02-23,CALL,ATM,1860,2023-02-21 10:26:00,22.5,22.6,22.5,22.6,500
ACC,2023-02-21,2023-02-23,CALL,ATM,1860,2023-02-21 10:27:00,22.0,22.0,22.0,22.0,6000
ACC,2023-02-21,2023-02-23,CALL,ATM,1860,2023-02-21 10:28:00,22.0,22.0,21.5,21.5,2000
ACC,2023-02-21,2023-02-23,CALL,ATM,1860,2023-02-21 10:29:00,23.0,23.0,22.5,22.5,3250
ACC,2023-02-21,2023-02-23,CALL,ATM,1860,2023-02-21 10:30:00,22.55,22.55,22.1,22.1,4500
ACC,2023-02-21,2023-02-23,CALL,ATM,1860,2023-02-21 10:31:00,22.55,22.55,22.05,22.05,1500
ACC,2023-02-21,2023-02-23,CALL,ATM,1860,2023-02-21 10:33:00,22.9,22.95,22.9,22.95,500
ACC,2023-02-21,2023-02-23,CALL,ATM,1860,2023-02-21 10:34:00,22.35,22.35,22.35,22.35,250
ACC,2023-02-21,2023-02-23,CALL,ATM,1860,2023-02-21 10:35:00,21.7,21.7,20.8,20.8,3500
ACC,2023-02-21,2023-02-23,CALL,ATM,1860,2023-02-21 10:36:00,20.8,20.85,20.8,20.85,750
ACC,2023-02-21,2023-02-23,CALL,ATM,1860,2023-02-21 10:37:00,20.8,20.8,20.8,20.8,2250
ACC,2023-02-21,2023-02-23,CALL,ATM,1860,2023-02-21 10:38:00,19.65,20.0,19.65,20.0,4000
ACC,2023-02-21,2023-02-23,CALL,ATM,1860,2023-02-21 10:39:00,20.0,20.0,20.0,20.0,750
ACC,2023-02-21,2023-02-23,CALL,ATM,1860,2023-02-21 10:40:00,20.6,20.6,20.1,20.1,750
ACC,2023-02-21,2023-02-23,CALL,ATM,1860,2023-02-21 10:41:00,20.0,20.0,20.0,20.0,250
ACC,2023-02-21,2023-02-23,CALL,ATM,1860,2023-02-21 10:42:00,20.4,20.4,20.4,20.4,250
ACC,2023-02-21,2023-02-23,CALL,ATM,1860,2023-02-21 10:43:00,20.3,20.3,20.3,20.3,1000
ACC,2023-02-21,2023-02-23,CALL,ATM,1860,2023-02-21 10:44:00,19.5,19.55,19.5,19.55,2000
ACC,2023-02-21,2023-02-23,CALL,ATM,1860,2023-02-21 10:45:00,19.55,19.8,19.55,19.8,500
ACC,2023-02-21,2023-02-23,CALL,ATM,1860,2023-02-21 10:46:00,19.35,19.35,19.35,19.35,250
ACC,2023-02-21,2023-02-23,CALL,ATM,1860,2023-02-21 10:47:00,19.8,20.0,19.8,20.0,3000
ACC,2023-02-21,2023-02-23,CALL,ATM,1860,2023-02-21 10:48:00,19.55,20.0,19.55,20.0,1500
ACC,2023-02-21,2023-02-23,CALL,ATM,1860,2023-02-21 10:49:00,19.4,19.4,19.25,19.25,500
ACC,2023-02-21,2023-02-23,CALL,ATM,1860,2023-02-21 10:50:00,19.0,19.0,19.0,19.0,500
ACC,2023-02-21,2023-02-23,CALL,ATM,1860,2023-02-21 10:51:00,18.0,18.0,17.3,17.3,1250
ACC,2023-02-21,2023-02-23,CALL,ATM,1860,2023-02-21 10:52:00,17.95,18.0,17.55,17.55,3000
ACC,2023-02-21,2023-02-23,CALL,ATM,1860,2023-02-21 10:53:00,18.1,18.1,18.1,18.1,2000
ACC,2023-02-21,2023-02-23,CALL,ATM,1860,2023-02-21 10:55:00,18.35,18.35,18.35,18.35,750
ACC,2023-02-21,2023-02-23,CALL,ATM,1860,2023-02-21 10:56:00,18.3,18.3,18.3,18.3,500
ACC,2023-02-21,2023-02-23,CALL,ATM,1860,2023-02-21 10:57:00,18.9,19.1,18.9,19.1,2750
ACC,2023-02-21,2023-02-23,CALL,ATM,1860,2023-02-21 10:58:00,19.0,19.0,19.0,19.0,500
ACC,2023-02-21,2023-02-23,CALL,ATM,1860,2023-02-21 10:59:00,19.25,19.25,19.25,19.25,250
ACC,2023-02-21,2023-02-23,CALL,ATM,1860,2023-02-21 11:00:00,18.7,18.7,18.05,18.3,1500
ACC,2023-02-21,2023-02-23,CALL,ATM,1860,2023-02-21 11:01:00,18.1,18.1,18.1,18.1,2000
ACC,2023-02-21,2023-02-23,CALL,ATM,1860,2023-02-21 11:02:00,18.05,18.05,18.05,18.05,750
ACC,2023-02-21,2023-02-23,CALL,ATM,1860,2023-02-21 11:03:00,17.5,17.5,17.05,17.05,1000
ACC,2023-02-21,2023-02-23,CALL,ATM,1860,2023-02-21 11:04:00,17.0,17.0,17.0,17.0,250
ACC,2023-02-21,2023-02-23,CALL,ATM,1860,2023-02-21 11:05:00,16.55,16.55,16.55,16.55,750
ACC,2023-02-21,2023-02-23,CALL,ATM,1860,2023-02-21 11:07:00,16.75,17.35,16.75,17.35,1250
ACC,2023-02-21,2023-02-23,CALL,ATM,1860,2023-02-21 11:09:00,17.3,17.3,16.2,16.2,1250
ACC,2023-02-21,2023-02-23,CALL,ATM,1860,2023-02-21 11:10:00,16.9,16.9,16.9,16.9,1000
ACC,2023-02-21,2023-02-23,CALL,ATM,1860,2023-02-21 11:11:00,16.75,16.75,16.75,16.75,250
ACC,2023-02-21,2023-02-23,CALL,ATM,1860,2023-02-21 11:12:00,16.85,16.85,16.5,16.5,1000
ACC,2023-02-21,2023-02-23,CALL,ATM,1860,2023-02-21 11:13:00,16.05,17.3,16.05,17.3,1250
ACC,2023-02-21,2023-02-23,CALL,ATM,1860,2023-02-21 11:14:00,17.3,17.3,16.8,16.8,1000
ACC,2023-02-21,2023-02-23,CALL,ATM,1860,2023-02-21 11:15:00,17.2,17.2,17.2,17.2,250
ACC,2023-02-21,2023-02-23,CALL,ATM,1860,2023-02-21 11:16:00,16.0,16.0,16.0,16.0,750
ACC,2023-02-21,2023-02-23,CALL,ATM,1860,2023-02-21 11:17:00,16.3,16.5,15.15,15.8,2500
ACC,2023-02-21,2023-02-23,CALL,ATM,1860,2023-02-21 11:18:00,15.8,15.8,15.45,15.45,1250
ACC,2023-02-21,2023-02-23,CALL,ATM,1860,2023-02-21 11:19:00,15.5,16.35,15.2,16.05,5250
ACC,2023-02-21,2023-02-23,CALL,ATM,1860,2023-02-21 11:20:00,15.9,16.5,15.65,16.5,3750
ACC,2023-02-21,2023-02-23,CALL,ATM,1860,2023-02-21 11:21:00,16.2,16.2,16.2,16.2,250
ACC,2023-02-21,2023-02-23,CALL,ATM,1860,2023-02-21 11:22:00,16.25,16.25,16.25,16.25,500
ACC,2023-02-21,2023-02-23,CALL,ATM,1860,2023-02-21 11:24:00,15.75,15.75,15.3,15.35,2750
ACC,2023-02-21,2023-02-23,CALL,ATM,1860,2023-02-21 11:25:00,15.5,15.8,15.5,15.8,1750
ACC,2023-02-21,2023-02-23,CALL,ATM,1860,2023-02-21 11:28:00,15.5,15.5,15.5,15.5,2000
ACC,2023-02-21,2023-02-23,CALL,ATM,1860,2023-02-21 11:29:00,15.6,15.7,15.0,15.0,1750
ACC,2023-02-21,2023-02-23,CALL,ATM,1860,2023-02-21 11:31:00,14.0,14.15,14.0,14.15,12000
ACC,2023-02-21,2023-02-23,CALL,ATM,1860,2023-02-21 11:32:00,14.1,14.25,14.1,14.25,2000
ACC,2023-02-21,2023-02-23,CALL,ATM,1860,2023-02-21 11:33:00,14.1,14.55,13.85,14.3,4750
ACC,2023-02-21,2023-02-23,CALL,ATM,1860,2023-02-21 11:34:00,14.45,14.45,14.45,14.45,250
ACC,2023-02-21,2023-02-23,CALL,ATM,1860,2023-02-21 11:35:00,14.65,14.65,14.6,14.6,750
ACC,2023-02-21,2023-02-23,CALL,ATM,1860,2023-02-21 11:36:00,15.25,15.4,15.2,15.4,1250
ACC,2023-02-21,2023-02-23,CALL,ATM,1860,2023-02-21 11:37:00,15.6,15.6,15.25,15.25,500
ACC,2023-02-21,2023-02-23,CALL,ATM,1860,2023-02-21 11:38:00,15.35,15.35,15.35,15.35,500
ACC,2023-02-21,2023-02-23,CALL,ATM,1860,2023-02-21 11:39:00,16.15,16.25,16.15,16.25,750
ACC,2023-02-21,2023-02-23,CALL,ATM,1860,2023-02-21 11:40:00,16.35,16.35,16.35,16.35,250
ACC,2023-02-21,2023-02-23,CALL,ATM,1860,2023-02-21 11:41:00,15.5,15.5,15.35,15.35,500
ACC,2023-02-21,2023-02-23,CALL,ATM,1860,2023-02-21 11:43:00,15.05,15.05,15.05,15.05,250
ACC,2023-02-21,2023-02-23,CALL,ATM,1860,2023-02-21 11:44:00,15.05,15.05,15.0,15.0,500
ACC,2023-02-21,2023-02-23,CALL,ATM,1860,2023-02-21 11:45:00,14.7,15.0,14.7,15.0,500
ACC,2023-02-21,2023-02-23,CALL,ATM,1860,2023-02-21 11:46:00,15.4,16.0,15.2,16.0,1000
ACC,2023-02-21,2023-02-23,CALL,ATM,1860,2023-02-21 11:47:00,16.35,16.4,14.85,15.35,2250
ACC,2023-02-21,2023-02-23,CALL,ATM,1860,2023-02-21 11:48:00,15.0,15.2,13.7,15.2,3000
ACC,2023-02-21,2023-02-23,CALL,ATM,1860,2023-02-21 11:49:00,14.95,15.0,14.0,15.0,1750
ACC,2023-02-21,2023-02-23,CALL,ATM,1860,2023-02-21 11:50:00,15.0,15.0,15.0,15.0,500
ACC,2023-02-21,2023-02-23,CALL,ATM,1860,2023-02-21 11:53:00,15.5,15.5,15.5,15.5,1000
ACC,2023-02-21,2023-02-23,CALL,ATM,1860,2023-02-21 11:54:00,15.5,15.5,15.15,15.15,2750
ACC,2023-02-21,2023-02-23,CALL,ATM,1860,2023-02-21 11:58:00,15.6,15.6,15.6,15.6,500
ACC,2023-02-21,2023-02-23,CALL,ATM,1860,2023-02-21 11:59:00,15.6,15.6,15.6,15.6,500
ACC,2023-02-21,2023-02-23,CALL,ATM,1860,2023-02-21 12:01:00,16.4,16.4,15.9,15.9,1000
ACC,2023-02-21,2023-02-23,CALL,ATM,1860,2023-02-21 12:04:00,15.55,15.55,15.55,15.55,250
ACC,2023-02-21,2023-02-23,CALL,ATM,1860,2023-02-21 12:05:00,15.4,15.4,15.4,15.4,500
ACC,2023-02-21,2023-02-23,CALL,ATM,1860,2023-02-21 12:06:00,15.3,15.3,15.0,15.0,500
ACC,2023-02-21,2023-02-23,CALL,ATM,1860,2023-02-21 12:07:00,15.0,15.0,15.0,15.0,500
ACC,2023-02-21,2023-02-23,CALL,ATM,1860,2023-02-21 12:10:00,13.5,13.5,13.5,13.5,1250
ACC,2023-02-21,2023-02-23,CALL,ATM,1860,2023-02-21 12:11:00,13.55,13.65,13.55,13.65,1000
ACC,2023-02-21,2023-02-23,CALL,ATM,1860,2023-02-21 12:12:00,13.55,13.55,13.55,13.55,250
ACC,2023-02-21,2023-02-23,CALL,ATM,1860,2023-02-21 12:13:00,13.6,13.6,13.6,13.6,500
ACC,2023-02-21,2023-02-23,CALL,ATM,1860,2023-02-21 12:14:00,13.4,13.4,13.4,13.4,250
ACC,2023-02-21,2023-02-23,CALL,ATM,1860,2023-02-21 12:16:00,13.85,14.0,13.85,14.0,1250
ACC,2023-02-21,2023-02-23,CALL,ATM,1860,2023-02-21 12:17:00,13.0,13.0,13.0,13.0,3750
ACC,2023-02-21,2023-02-23,CALL,ATM,1860,2023-02-21 12:18:00,13.2,13.2,13.2,13.2,250
ACC,2023-02-21,2023-02-23,CALL,ATM,1860,2023-02-21 12:19:00,12.5,13.0,12.0,13.0,7000
ACC,2023-02-21,2023-02-23,CALL,ATM,1860,2023-02-21 12:20:00,12.95,12.95,12.45,12.45,1000
ACC,2023-02-21,2023-02-23,CALL,ATM,1860,2023-02-21 12:21:00,12.15,12.5,12.15,12.5,1500
ACC,2023-02-21,2023-02-23,CALL,ATM,1860,2023-02-21 12:22:00,12.6,12.6,12.6,12.6,500
ACC,2023-02-21,2023-02-23,CALL,ATM,1860,2023-02-21 12:23:00,12.0,12.0,11.5,11.6,1750
ACC,2023-02-21,2023-02-23,CALL,ATM,1860,2023-02-21 12:24:00,11.15,12.0,11.15,12.0,3750
ACC,2023-02-21,2023-02-23,CALL,ATM,1860,2023-02-21 12:25:00,12.0,12.0,11.9,11.9,1750
ACC,2023-02-21,2023-02-23,CALL,ATM,1860,2023-02-21 12:26:00,12.0,12.0,12.0,12.0,1750
ACC,2023-02-21,2023-02-23,CALL,ATM,1860,2023-02-21 12:27:00,12.0,12.15,12.0,12.15,4500
ACC,2023-02-21,2023-02-23,CALL,ATM,1860,2023-02-21 12:28:00,12.75,12.75,12.75,12.75,2250
ACC,2023-02-21,2023-02-23,CALL,ATM,1860,2023-02-21 12:29:00,12.75,12.8,12.75,12.8,1750
ACC,2023-02-21,2023-02-23,CALL,ATM,1860,2023-02-21 12:30:00,12.6,12.6,12.6,12.6,250
ACC,2023-02-21,2023-02-23,CALL,ATM,1860,2023-02-21 12:32:00,12.75,12.75,12.3,12.3,2000
ACC,2023-02-21,2023-02-23,CALL,ATM,1860,2023-02-21 12:33:00,12.0,12.0,12.0,12.0,1000
ACC,2023-02-21,2023-02-23,CALL,ATM,1860,2023-02-21 12:34:00,12.15,12.25,11.9,11.9,2750
ACC,2023-02-21,2023-02-23,CALL,ATM,1860,2023-02-21 12:35:00,12.05,12.15,11.65,11.75,7250
ACC,2023-02-21,2023-02-23,CALL,ATM,1860,2023-02-21 12:36:00,11.85,11.85,11.85,11.85,1750
ACC,2023-02-21,2023-02-23,CALL,ATM,1860,2023-02-21 12:37:00,11.65,12.0,11.65,12.0,1250
ACC,2023-02-21,2023-02-23,CALL,ATM,1860,2023-02-21 12:38:00,12.25,12.25,12.2,12.2,1750
ACC,2023-02-21,2023-02-23,CALL,ATM,1860,2023-02-21 12:39:00,12.75,12.85,12.75,12.85,2000
ACC,2023-02-21,2023-02-23,CALL,ATM,1860,2023-02-21 12:40:00,13.0,13.0,13.0,13.0,250
ACC,2023-02-21,2023-02-23,CALL,ATM,1860,2023-02-21 12:41:00,13.2,13.2,13.15,13.2,2000
ACC,2023-02-21,2023-02-23,CALL,ATM,1860,2023-02-21 12:43:00,13.2,13.65,13.2,13.65,3500
ACC,2023-02-21,2023-02-23,CALL,ATM,1860,2023-02-21 12:45:00,13.65,13.65,13.65,13.65,1250
ACC,2023-02-21,2023-02-23,CALL,ATM,1860,2023-02-21 12:46:00,13.65,13.65,13.65,13.65,1250
ACC,2023-02-21,2023-02-23,CALL,ATM,1860,2023-02-21 12:47:00,13.65,13.65,13.1,13.4,2000
ACC,2023-02-21,2023-02-23,CALL,ATM,1860,2023-02-21 12:48:00,13.35,13.35,13.35,13.35,1000
ACC,2023-02-21,2023-02-23,CALL,ATM,1860,2023-02-21 12:50:00,13.0,13.0,12.9,12.9,1750
ACC,2023-02-21,2023-02-23,CALL,ATM,1860,2023-02-21 12:51:00,12.65,12.65,12.65,12.65,2000
ACC,2023-02-21,2023-02-23,CALL,ATM,1860,2023-02-21 12:52:00,12.5,12.5,12.5,12.5,250
ACC,2023-02-21,2023-02-23,CALL,ATM,1860,2023-02-21 12:53:00,12.65,12.65,12.65,12.65,500
ACC,2023-02-21,2023-02-23,CALL,ATM,1860,2023-02-21 12:54:00,12.4,12.5,12.35,12.5,1250
ACC,2023-02-21,2023-02-23,CALL,ATM,1860,2023-02-21 12:56:00,12.35,12.35,12.35,12.35,500
ACC,2023-02-21,2023-02-23,CALL,ATM,1860,2023-02-21 12:57:00,12.1,12.1,12.1,12.1,250
ACC,2023-02-21,2023-02-23,CALL,ATM,1860,2023-02-21 12:59:00,12.0,12.0,12.0,12.0,250
ACC,2023-02-21,2023-02-23,CALL,ATM,1860,2023-02-21 13:01:00,12.5,12.5,12.0,12.0,1250
ACC,2023-02-21,2023-02-23,CALL,ATM,1860,2023-02-21 13:03:00,11.6,11.6,11.6,11.6,250
ACC,2023-02-21,2023-02-23,CALL,ATM,1860,2023-02-21 13:04:00,11.8,11.8,11.75,11.75,500
ACC,2023-02-21,2023-02-23,CALL,ATM,1860,2023-02-21 13:05:00,11.8,11.85,11.8,11.85,1250
ACC,2023-02-21,2023-02-23,CALL,ATM,1860,2023-02-21 13:06:00,11.95,12.0,11.95,12.0,500
ACC,2023-02-21,2023-02-23,CALL,ATM,1860,2023-02-21 13:07:00,12.15,12.15,12.0,12.0,500
ACC,2023-02-21,2023-02-23,CALL,ATM,1860,2023-02-21 13:10:00,12.5,12.5,12.5,12.5,500
ACC,2023-02-21,2023-02-23,CALL,ATM,1860,2023-02-21 13:11:00,12.6,12.6,12.6,12.6,750
ACC,2023-02-21,2023-02-23,CALL,ATM,1860,2023-02-21 13:12:00,13.2,13.2,13.2,13.2,500
ACC,2023-02-21,2023-02-23,CALL,ATM,1860,2023-02-21 13:14:00,13.4,13.5,13.1,13.1,2000
ACC,2023-02-21,2023-02-23,CALL,ATM,1860,2023-02-21 13:24:00,12.1,12.1,12.1,12.1,250
ACC,2023-02-21,2023-02-23,CALL,ATM,1860,2023-02-21 13:25:00,12.95,12.95,12.25,12.25,1000
ACC,2023-02-21,2023-02-23,CALL,ATM,1860,2023-02-21 13:29:00,12.1,12.1,12.1,12.1,500
ACC,2023-02-21,2023-02-23,CALL,ATM,1860,2023-02-21 13:30:00,12.0,12.0,12.0,12.0,2000
ACC,2023-02-21,2023-02-23,CALL,ATM,1860,2023-02-21 13:32:00,11.95,12.0,11.7,11.7,1500
ACC,2023-02-21,2023-02-23,CALL,ATM,1860,2023-02-21 13:33:00,11.9,11.9,11.9,11.9,250
ACC,2023-02-21,2023-02-23,CALL,ATM,1860,2023-02-21 13:36:00,11.95,11.95,11.95,11.95,500
ACC,2023-02-21,2023-02-23,CALL,ATM,1860,2023-02-21 13:44:00,13.15,13.15,13.15,13.15,1000
ACC,2023-02-21,2023-02-23,CALL,ATM,1860,2023-02-21 13:46:00,12.55,12.55,12.55,12.55,250
ACC,2023-02-21,2023-02-23,CALL,ATM,1860,2023-02-21 13:47:00,12.2,12.2,12.2,12.2,250
ACC,2023-02-21,2023-02-23,CALL,ATM,1860,2023-02-21 13:49:00,11.95,11.95,11.95,11.95,250
ACC,2023-02-21,2023-02-23,CALL,ATM,1860,2023-02-21 13:55:00,11.65,11.65,11.65,11.65,250
ACC,2023-02-21,2023-02-23,CALL,ATM,1860,2023-02-21 13:59:00,11.85,11.85,11.85,11.85,250
ACC,2023-02-21,2023-02-23,CALL,ATM,1860,2023-02-21 14:05:00,11.8,11.8,11.35,11.35,750
ACC,2023-02-21,2023-02-23,CALL,ATM,1860,2023-02-21 14:06:00,12.15,12.15,12.15,12.15,750
ACC,2023-02-21,2023-02-23,CALL,ATM,1860,2023-02-21 14:07:00,11.7,11.7,11.7,11.7,250
ACC,2023-02-21,2023-02-23,CALL,ATM,1860,2023-02-21 14:08:00,11.75,11.8,11.75,11.8,4500
ACC,2023-02-21,2023-02-23,CALL,ATM,1860,2023-02-21 14:09:00,11.8,11.8,11.4,11.4,500
ACC,2023-02-21,2023-02-23,CALL,ATM,1860,2023-02-21 14:11:00,11.4,11.4,11.4,11.4,250
ACC,2023-02-21,2023-02-23,CALL,ATM,1860,2023-02-21 14:13:00,11.5,11.5,11.5,11.5,1000
ACC,2023-02-21,2023-02-23,CALL,ATM,1860,2023-02-21 14:14:00,11.1,11.1,11.1,11.1,250
ACC,2023-02-21,2023-02-23,CALL,ATM,1860,2023-02-21 14:15:00,10.5,10.5,10.45,10.45,3750
ACC,2023-02-21,2023-02-23,CALL,ATM,1860,2023-02-21 14:16:00,10.65,10.65,10.65,10.65,750
ACC,2023-02-21,2023-02-23,CALL,ATM,1860,2023-02-21 14:17:00,10.9,10.9,10.9,10.9,500
ACC,2023-02-21,2023-02-23,CALL,ATM,1860,2023-02-21 14:18:00,10.7,10.7,10.7,10.7,250
ACC,2023-02-21,2023-02-23,CALL,ATM,1860,2023-02-21 14:19:00,10.9,10.9,10.5,10.5,500
ACC,2023-02-21,2023-02-23,CALL,ATM,1860,2023-02-21 14:20:00,10.4,10.4,10.4,10.4,250
ACC,2023-02-21,2023-02-23,CALL,ATM,1860,2023-02-21 14:21:00,10.05,10.05,10.05,10.05,1000
ACC,2023-02-21,2023-02-23,CALL,ATM,1860,2023-02-21 14:23:00,9.45,9.45,9.25,9.25,1000
ACC,2023-02-21,2023-02-23,CALL,ATM,1860,2023-02-21 14:24:00,9.8,9.8,9.8,9.8,3250
ACC,2023-02-21,2023-02-23,CALL,ATM,1860,2023-02-21 14:25:00,9.8,9.8,9.8,9.8,750
ACC,2023-02-21,2023-02-23,CALL,ATM,1860,2023-02-21 14:26:00,9.8,9.8,9.75,9.75,500
ACC,2023-02-21,2023-02-23,CALL,ATM,1860,2023-02-21 14:27:00,9.8,9.8,9.8,9.8,500
ACC,2023-02-21,2023-02-23,CALL,ATM,1860,2023-02-21 14:28:00,9.55,9.55,9.55,9.55,250
ACC,2023-02-21,2023-02-23,CALL,ATM,1860,2023-02-21 14:29:00,9.45,9.45,9.45,9.45,250
ACC,2023-02-21,2023-02-23,CALL,ATM,1860,2023-02-21 14:30:00,9.05,9.65,9.05,9.65,3750
ACC,2023-02-21,2023-02-23,CALL,ATM,1860,2023-02-21 14:31:00,10.0,10.0,10.0,10.0,250
ACC,2023-02-21,2023-02-23,CALL,ATM,1860,2023-02-21 14:32:00,9.75,9.75,9.75,9.75,250
ACC,2023-02-21,2023-02-23,CALL,ATM,1860,2023-02-21 14:33:00,9.8,9.8,9.8,9.8,250
ACC,2023-02-21,2023-02-23,CALL,ATM,1860,2023-02-21 14:35:00,10.0,10.0,10.0,10.0,250
ACC,2023-02-21,2023-02-23,CALL,ATM,1860,2023-02-21 14:36:00,10.15,10.15,10.15,10.15,250
ACC,2023-02-21,2023-02-23,CALL,ATM,1860,2023-02-21 14:37:00,10.5,10.5,10.35,10.5,1250
ACC,2023-02-21,2023-02-23,CALL,ATM,1860,2023-02-21 14:38:00,10.1,10.3,10.1,10.3,500
ACC,2023-02-21,2023-02-23,CALL,ATM,1860,2023-02-21 14:39:00,10.6,10.75,10.45,10.45,1750
ACC,2023-02-21,2023-02-23,CALL,ATM,1860,2023-02-21 14:42:00,10.6,10.6,10.6,10.6,1250
ACC,2023-02-21,2023-02-23,CALL,ATM,1860,2023-02-21 14:43:00,10.6,10.75,10.6,10.75,1500
ACC,2023-02-21,2023-02-23,CALL,ATM,1860,2023-02-21 14:44:00,10.75,10.75,10.75,10.75,750
ACC,2023-02-21,2023-02-23,CALL,ATM,1860,2023-02-21 14:45:00,11.0,11.2,11.0,11.2,500
ACC,2023-02-21,2023-02-23,CALL,ATM,1860,2023-02-21 14:46:00,11.3,11.3,11.3,11.3,500
ACC,2023-02-21,2023-02-23,CALL,ATM,1860,2023-02-21 14:48:00,11.1,11.4,11.1,11.4,1250
ACC,2023-02-21,2023-02-23,CALL,ATM,1860,2023-02-21 14:52:00,11.55,11.55,11.55,11.55,250
ACC,2023-02-21,2023-02-23,CALL,ATM,1860,2023-02-21 14:55:00,11.25,11.3,11.25,11.3,500
ACC,2023-02-21,2023-02-23,CALL,ATM,1860,2023-02-21 14:58:00,11.15,11.5,11.15,11.5,1500
ACC,2023-02-21,2023-02-23,CALL,ATM,1860,2023-02-21 14:59:00,11.2,11.2,11.2,11.2,250
ACC,2023-02-21,2023-02-23,CALL,ATM,1860,2023-02-21 15:00:00,11.85,12.5,11.85,12.5,1000
ACC,2023-02-21,2023-02-23,CALL,ATM,1860,2023-02-21 15:01:00,12.0,12.0,12.0,12.0,1000
ACC,2023-02-21,2023-02-23,CALL,ATM,1860,2023-02-21 15:02:00,11.7,11.7,11.7,11.7,250
ACC,2023-02-21,2023-02-23,CALL,ATM,1860,2023-02-21 15:03:00,11.7,11.7,11.7,11.7,250
ACC,2023-02-21,2023-02-23,CALL,ATM,1860,2023-02-21 15:04:00,10.85,10.85,10.85,10.85,500
ACC,2023-02-21,2023-02-23,CALL,ATM,1860,2023-02-21 15:05:00,10.95,10.95,10.95,10.95,250
ACC,2023-02-21,2023-02-23,CALL,ATM,1860,2023-02-21 15:06:00,10.5,10.5,10.5,10.5,500
ACC,2023-02-21,2023-02-23,CALL,ATM,1860,2023-02-21 15:07:00,10.2,10.2,10.2,10.2,1250
ACC,2023-02-21,2023-02-23,CALL,ATM,1860,2023-02-21 15:09:00,10.0,10.0,10.0,10.0,1250
ACC,2023-02-21,2023-02-23,CALL,ATM,1860,2023-02-21 15:10:00,11.45,11.45,11.45,11.45,1000
ACC,2023-02-21,2023-02-23,CALL,ATM,1860,2023-02-21 15:11:00,11.4,11.4,11.05,11.1,750
ACC,2023-02-21,2023-02-23,CALL,ATM,1860,2023-02-21 15:12:00,11.1,11.1,11.0,11.0,1000
ACC,2023-02-21,2023-02-23,CALL,ATM,1860,2023-02-21 15:13:00,10.8,10.8,10.8,10.8,500
ACC,2023-02-21,2023-02-23,CALL,ATM,1860,2023-02-21 15:14:00,10.6,10.6,10.6,10.6,750
ACC,2023-02-21,2023-02-23,CALL,ATM,1860,2023-02-21 15:16:00,10.75,10.75,10.75,10.75,500
ACC,2023-02-21,2023-02-23,CALL,ATM,1860,2023-02-21 15:17:00,10.25,10.75,10.25,10.75,1500
ACC,2023-02-21,2023-02-23,CALL,ATM,1860,2023-02-21 15:18:00,10.2,10.6,10.2,10.6,750
ACC,2023-02-21,2023-02-23,CALL,ATM,1860,2023-02-21 15:19:00,10.75,10.75,10.7,10.75,2500
ACC,2023-02-21,2023-02-23,CALL,ATM,1860,2023-02-21 15:20:00,10.55,10.55,10.25,10.25,3250
ACC,2023-02-21,2023-02-23,CALL,ATM,1860,2023-02-21 15:21:00,10.0,10.1,9.5,9.5,2250
ACC,2023-02-21,2023-02-23,CALL,ATM,1860,2023-02-21 15:22:00,9.75,9.75,9.7,9.7,500
ACC,2023-02-21,2023-02-23,CALL,ATM,1860,2023-02-21 15:23:00,9.5,10.0,9.5,10.0,750
ACC,2023-02-21,2023-02-23,CALL,ATM,1860,2023-02-21 15:25:00,9.85,9.85,9.85,9.85,250
ACC,2023-02-21,2023-02-23,CALL,ATM,1860,2023-02-21 15:26:00,9.85,9.85,9.85,9.85,250
ACC,2023-02-21,2023-02-23,CALL,ATM,1860,2023-02-21 15:27:00,9.8,9.8,9.55,9.55,1000
ACC,2023-02-21,2023-02-23,CALL,ATM,1860,2023-02-21 15:28:00,9.55,9.55,9.5,9.5,500
ACC,2023-02-21,2023-02-23,CALL,ATM,1860,2023-02-21 15:29:00,9.25,9.25,9.25,9.25,250
ACC,2023-02-21,2023-02-23,CALL,ITM2,1840,2023-02-21 09:15:00,30.8,33.5,28.0,32.8,5500
ACC,2023-02-21,2023-02-23,CALL,ITM2,1840,2023-02-21 09:16:00,32.55,32.55,31.9,31.9,6250
ACC,2023-02-21,2023-02-23,CALL,ITM2,1840,2023-02-21 09:17:00,30.7,30.9,30.7,30.9,6500
ACC,2023-02-21,2023-02-23,CALL,ITM2,1840,2023-02-21 09:18:00,33.75,35.45,33.75,35.45,3000
ACC,2023-02-21,2023-02-23,CALL,ITM2,1840,2023-02-21 09:19:00,36.25,36.25,33.15,33.5,8250
ACC,2023-02-21,2023-02-23,CALL,ITM2,1840,2023-02-21 09:20:00,34.05,34.3,29.7,31.05,4750
ACC,2023-02-21,2023-02-23,CALL,ITM2,1840,2023-02-21 09:21:00,30.55,30.9,28.15,29.35,3750
ACC,2023-02-21,2023-02-23,CALL,ITM2,1840,2023-02-21 09:22:00,29.1,29.55,26.75,26.8,2750
ACC,2023-02-21,2023-02-23,CALL,ITM2,1840,2023-02-21 09:23:00,30.05,30.05,29.8,30.0,1250
ACC,2023-02-21,2023-02-23,CALL,ITM2,1840,2023-02-21 09:24:00,31.1,32.0,30.05,31.65,2000
ACC,2023-02-21,2023-02-23,CALL,ITM2,1840,2023-02-21 09:25:00,30.5,30.5,28.25,28.95,1000
ACC,2023-02-21,2023-02-23,CALL,ITM2,1840,2023-02-21 09:26:00,31.0,34.0,31.0,34.0,2000
ACC,2023-02-21,2023-02-23,CALL,ITM2,1840,2023-02-21 09:27:00,34.6,35.0,34.1,34.45,6750
ACC,2023-02-21,2023-02-23,CALL,ITM2,1840,2023-02-21 09:28:00,33.35,34.2,30.9,30.9,5000
ACC,2023-02-21,2023-02-23,CALL,ITM2,1840,2023-02-21 09:29:00,32.65,35.65,32.65,35.65,11000
ACC,2023-02-21,2023-02-23,CALL,ITM2,1840,2023-02-21 09:30:00,35.95,36.35,34.1,36.2,6750
ACC,2023-02-21,2023-02-23,CALL,ITM2,1840,2023-02-21 09:31:00,36.85,39.65,36.05,36.05,9250
ACC,2023-02-21,2023-02-23,CALL,ITM2,1840,2023-02-21 09:32:00,36.7,36.7,36.7,36.7,250
ACC,2023-02-21,2023-02-23,CALL,ITM2,1840,2023-02-21 09:33:00,37.2,39.25,37.2,37.8,3000
ACC,2023-02-21,2023-02-23,CALL,ITM2,1840,2023-02-21 09:34:00,37.25,37.25,37.25,37.25,500
ACC,2023-02-21,2023-02-23,CALL,ITM2,1840,2023-02-21 09:35:00,37.85,37.85,36.0,36.0,3250
ACC,2023-02-21,2023-02-23,CALL,ITM2,1840,2023-02-21 09:36:00,35.25,35.25,32.45,32.45,2500
ACC,2023-02-21,2023-02-23,CALL,ITM2,1840,2023-02-21 09:37:00,32.3,33.85,32.3,33.85,1250
ACC,2023-02-21,2023-02-23,CALL,ITM2,1840,2023-02-21 09:38:00,33.8,34.15,33.8,34.0,1750
ACC,2023-02-21,2023-02-23,CALL,ITM2,1840,2023-02-21 09:39:00,34.45,37.95,34.45,37.05,5750
ACC,2023-02-21,2023-02-23,CALL,ITM2,1840,2023-02-21 09:40:00,36.9,36.9,34.5,35.0,1750
ACC,2023-02-21,2023-02-23,CALL,ITM2,1840,2023-02-21 09:41:00,35.0,35.0,35.0,35.0,500
ACC,2023-02-21,2023-02-23,CALL,ITM2,1840,2023-02-21 09:42:00,35.0,35.0,35.0,35.0,500
ACC,2023-02-21,2023-02-23,CALL,ITM2,1840,2023-02-21 09:44:00,35.85,35.85,35.85,35.85,250
ACC,2023-02-21,2023-02-23,CALL,ITM2,1840,2023-02-21 09:45:00,33.15,33.15,33.15,33.15,250
ACC,2023-02-21,2023-02-23,CALL,ITM2,1840,2023-02-21 09:48:00,28.75,32.35,28.75,32.35,1750
ACC,2023-02-21,2023-02-23,CALL,ITM2,1840,2023-02-21 09:49:00,32.4,32.4,32.4,32.4,500
ACC,2023-02-21,2023-02-23,CALL,ITM2,1840,2023-02-21 09:51:00,32.85,32.85,31.7,31.7,500
ACC,2023-02-21,2023-02-23,CALL,ITM2,1840,2023-02-21 09:52:00,31.15,31.15,31.15,31.15,250
ACC,2023-02-21,2023-02-23,CALL,ITM2,1840,2023-02-21 09:54:00,29.9,29.95,29.9,29.95,750
ACC,2023-02-21,2023-02-23,CALL,ITM2,1840,2023-02-21 09:55:00,29.1,29.1,29.1,29.1,250
ACC,2023-02-21,2023-02-23,CALL,ITM2,1840,2023-02-21 09:56:00,29.1,29.1,29.1,29.1,750
ACC,2023-02-21,2023-02-23,CALL,ITM2,1840,2023-02-21 09:57:00,31.8,31.8,31.8,31.8,500
ACC,2023-02-21,2023-02-23,CALL,ITM2,1840,2023-02-21 09:58:00,32.95,32.95,32.95,32.95,500
ACC,2023-02-21,2023-02-23,CALL,ITM2,1840,2023-02-21 09:59:00,33.1,34.0,32.95,34.0,1250
ACC,2023-02-21,2023-02-23,CALL,ITM2,1840,2023-02-21 10:00:00,32.7,32.7,32.7,32.7,1000
ACC,2023-02-21,2023-02-23,CALL,ITM2,1840,2023-02-21 10:01:00,31.45,31.45,31.45,31.45,500
ACC,2023-02-21,2023-02-23,CALL,ITM2,1840,2023-02-21 10:06:00,32.4,32.4,31.5,31.5,1250
ACC,2023-02-21,2023-02-23,CALL,ITM2,1840,2023-02-21 10:07:00,34.0,35.4,32.0,35.4,3750
ACC,2023-02-21,2023-02-23,CALL,ITM2,1840,2023-02-21 10:09:00,34.4,34.85,34.4,34.85,500
ACC,2023-02-21,2023-02-23,CALL,ITM2,1840,2023-02-21 10:10:00,34.35,34.35,33.0,34.0,750
ACC,2023-02-21,2023-02-23,CALL,ITM2,1840,2023-02-21 10:12:00,32.0,32.0,32.0,32.0,1500
ACC,2023-02-21,2023-02-23,CALL,ITM2,1840,2023-02-21 10:13:00,31.85,32.0,31.85,32.0,1000
ACC,2023-02-21,2023-02-23,CALL,ITM2,1840,2023-02-21 10:14:00,30.25,30.25,30.25,30.25,250
ACC,2023-02-21,2023-02-23,CALL,ITM2,1840,2023-02-21 10:15:00,30.15,30.15,30.15,30.15,250
ACC,2023-02-21,2023-02-23,CALL,ITM2,1840,2023-02-21 10:17:00,31.85,31.85,31.85,31.85,250
ACC,2023-02-21,2023-02-23,CALL,ITM2,1840,2023-02-21 10:21:00,31.0,31.0,31.0,31.0,250
ACC,2023-02-21,2023-02-23,CALL,ITM2,1840,2023-02-21 10:22:00,31.0,31.1,30.5,31.1,3750
ACC,2023-02-21,2023-02-23,CALL,ITM2,1840,2023-02-21 10:23:00,31.1,31.1,31.1,31.1,750
ACC,2023-02-21,2023-02-23,CALL,ITM2,1840,2023-02-21 10:26:00,31.35,31.35,31.35,31.35,1000
ACC,2023-02-21,2023-02-23,CALL,ITM2,1840,2023-02-21 10:27:00,30.6,30.8,30.6,30.8,1250
ACC,2023-02-21,2023-02-23,CALL,ITM2,1840,2023-02-21 10:28:00,29.7,29.7,29.65,29.65,500
ACC,2023-02-21,2023-02-23,CALL,ITM2,1840,2023-02-21 10:29:00,31.1,31.1,31.1,31.1,250
ACC,2023-02-21,2023-02-23,CALL,ITM2,1840,2023-02-21 10:30:00,31.15,31.15,29.75,30.1,1250
ACC,2023-02-21,2023-02-23,CALL,ITM2,1840,2023-02-21 10:31:00,30.25,30.25,30.25,30.25,500
ACC,2023-02-21,2023-02-23,CALL,ITM2,1840,2023-02-21 10:34:00,30.25,30.25,28.4,28.4,2750
ACC,2023-02-21,2023-02-23,CALL,ITM2,1840,2023-02-21 10:35:00,28.8,28.8,28.8,28.8,250
ACC,2023-02-21,2023-02-23,CALL,ITM2,1840,2023-02-21 10:37:00,29.0,29.0,28.0,28.0,2000
ACC,2023-02-21,2023-02-23,CALL,ITM2,1840,2023-02-21 10:38:00,26.8,27.6,26.8,27.6,1000
ACC,2023-02-21,2023-02-23,CALL,ITM2,1840,2023-02-21 10:39:00,28.0,28.0,28.0,28.0,1000
ACC,2023-02-21,2023-02-23,CALL,ITM2,1840,2023-02-21 10:41:00,27.85,27.85,27.85,27.85,250
ACC,2023-02-21,2023-02-23,CALL,ITM2,1840,2023-02-21 10:42:00,28.15,28.15,28.15,28.15,250
ACC,2023-02-21,2023-02-23,CALL,ITM2,1840,2023-02-21 10:43:00,28.15,28.15,28.15,28.15,250
ACC,2023-02-21,2023-02-23,CALL,ITM2,1840,2023-02-21 10:45:00,26.95,26.95,26.95,26.95,500
ACC,2023-02-21,2023-02-23,CALL,ITM2,1840,2023-02-21 10:49:00,26.95,26.95,26.95,26.95,750
ACC,2023-02-21,2023-02-23,CALL,ITM2,1840,2023-02-21 10:50:00,26.35,26.35,26.35,26.35,250
ACC,2023-02-21,2023-02-23,CALL,ITM2,1840,2023-02-21 10:51:00,25.0,25.3,25.0,25.3,1000
ACC,2023-02-21,2023-02-23,CALL,ITM2,1840,2023-02-21 10:52:00,25.8,25.8,25.4,25.4,750
ACC,2023-02-21,2023-02-23,CALL,ITM2,1840,2023-02-21 10:55:00,25.4,25.4,25.4,25.4,250
ACC,2023-02-21,2023-02-23,CALL,ITM2,1840,2023-02-21 10:56:00,25.65,25.65,25.65,25.65,1000
ACC,2023-02-21,2023-02-23,CALL,ITM2,1840,2023-02-21 11:00:00,25.65,25.65,25.65,25.65,2000
ACC,2023-02-21,2023-02-23,CALL,ITM2,1840,2023-02-21 11:01:00,25.65,25.65,25.5,25.5,750
ACC,2023-02-21,2023-02-23,CALL,ITM2,1840,2023-02-21 11:05:00,24.4,24.7,24.4,24.7,500
ACC,2023-02-21,2023-02-23,CALL,ITM2,1840,2023-02-21 11:06:00,24.5,24.5,24.5,24.5,1000
ACC,2023-02-21,2023-02-23,CALL,ITM2,1840,2023-02-21 11:09:00,24.0,24.0,23.0,23.0,2500
ACC,2023-02-21,2023-02-23,CALL,ITM2,1840,2023-02-21 11:10:00,23.1,23.1,23.1,23.1,250
ACC,2023-02-21,2023-02-23,CALL,ITM2,1840,2023-02-21 11:11:00,23.9,23.9,23.9,23.9,1250
ACC,2023-02-21,2023-02-23,CALL,ITM2,1840,2023-02-21 11:12:00,23.3,23.3,23.3,23.3,1250
ACC,2023-02-21,2023-02-23,CALL,ITM2,1840,2023-02-21 11:13:00,23.6,24.1,23.1,24.1,1750
ACC,2023-02-21,2023-02-23,CALL,ITM2,1840,2023-02-21 11:15:00,24.1,24.1,24.1,24.1,250
ACC,2023-02-21,2023-02-23,CALL,ITM2,1840,2023-02-21 11:16:00,22.75,22.75,22.75,22.75,250
ACC,2023-02-21,2023-02-23,CALL,ITM2,1840,2023-02-21 11:17:00,22.35,22.35,20.2,20.2,2000
ACC,2023-02-21,2023-02-23,CALL,ITM2,1840,2023-02-21 11:18:00,21.35,21.35,21.35,21.35,250
ACC,2023-02-21,2023-02-23,CALL,ITM2,1840,2023-02-21 11:19:00,21.15,21.9,21.15,21.9,750
ACC,2023-02-21,2023-02-23,CALL,ITM2,1840,2023-02-21 11:20:00,22.5,23.05,22.5,22.75,1750
ACC,2023-02-21,2023-02-23,CALL,ITM2,1840,2023-02-21 11:21:00,23.0,23.0,23.0,23.0,250
ACC,2023-02-21,2023-02-23,CALL,ITM2,1840,2023-02-21 11:23:00,23.0,23.0,23.0,23.0,500
ACC,2023-02-21,2023-02-23,CALL,ITM2,1840,2023-02-21 11:25:00,21.7,21.7,21.7,21.7,500
ACC,2023-02-21,2023-02-23,CALL,ITM2,1840,2023-02-21 11:27:00,22.2,22.2,22.2,22.2,250
ACC,2023-02-21,2023-02-23,CALL,ITM2,1840,2023-02-21 11:28:00,22.05,22.05,22.05,22.05,250
ACC,2023-02-21,2023-02-23,CALL,ITM2,1840,2023-02-21 11:29:00,22.25,22.25,21.0,21.0,6500
ACC,2023-02-21,2023-02-23,CALL,ITM2,1840,2023-02-21 11:31:00,20.45,20.45,20.45,20.45,2500
ACC,2023-02-21,2023-02-23,CALL,ITM2,1840,2023-02-21 11:32:00,20.5,20.5,20.45,20.45,750
ACC,2023-02-21,2023-02-23,CALL,ITM2,1840,2023-02-21 11:34:00,20.15,20.15,20.15,20.15,500
ACC,2023-02-21,2023-02-23,CALL,ITM2,1840,2023-02-21 11:36:00,21.65,21.9,21.45,21.45,2500
ACC,2023-02-21,2023-02-23,CALL,ITM2,1840,2023-02-21 11:37:00,21.05,21.85,21.05,21.85,1250
ACC,2023-02-21,2023-02-23,CALL,ITM2,1840,2023-02-21 11:38:00,22.0,22.85,22.0,22.85,1250
ACC,2023-02-21,2023-02-23,CALL,ITM2,1840,2023-02-21 11:39:00,22.8,22.8,22.8,22.8,500
ACC,2023-02-21,2023-02-23,CALL,ITM2,1840,2023-02-21 11:40:00,22.5,22.5,22.5,22.5,250
ACC,2023-02-21,2023-02-23,CALL,ITM2,1840,2023-02-21 11:41:00,22.5,22.5,22.5,22.5,250
ACC,2023-02-21,2023-02-23,CALL,ITM2,1840,2023-02-21 11:43:00,21.15,21.15,21.15,21.15,250
ACC,2023-02-21,2023-02-23,CALL,ITM2,1840,2023-02-21 11:44:00,21.0,21.0,21.0,21.0,750
ACC,2023-02-21,2023-02-23,CALL,ITM2,1840,2023-02-21 11:46:00,22.0,22.0,22.0,22.0,250
ACC,2023-02-21,2023-02-23,CALL,ITM2,1840,2023-02-21 11:47:00,22.0,22.0,22.0,22.0,7000
ACC,2023-02-21,2023-02-23,CALL,ITM2,1840,2023-02-21 11:48:00,22.0,22.0,20.0,21.0,6500
ACC,2023-02-21,2023-02-23,CALL,ITM2,1840,2023-02-21 11:49:00,21.15,21.55,21.15,21.15,750
ACC,2023-02-21,2023-02-23,CALL,ITM2,1840,2023-02-21 11:50:00,21.5,21.5,21.05,21.05,4000
ACC,2023-02-21,2023-02-23,CALL,ITM2,1840,2023-02-21 11:51:00,20.75,21.6,20.75,21.6,4000
ACC,2023-02-21,2023-02-23,CALL,ITM2,1840,2023-02-21 11:52:00,21.0,22.0,21.0,21.5,7750
ACC,2023-02-21,2023-02-23,CALL,ITM2,1840,2023-02-21 11:53:00,21.3,22.1,21.3,21.65,1500
ACC,2023-02-21,2023-02-23,CALL,ITM2,1840,2023-02-21 11:54:00,21.65,21.65,21.55,21.55,500
ACC,2023-02-21,2023-02-23,CALL,ITM2,1840,2023-02-21 11:55:00,21.5,21.5,20.15,20.15,2500
ACC,2023-02-21,2023-02-23,CALL,ITM2,1840,2023-02-21 11:56:00,21.2,21.2,21.2,21.2,250
ACC,2023-02-21,2023-02-23,CALL,ITM2,1840,2023-02-21 11:58:00,21.5,21.5,21.5,21.5,500
ACC,2023-02-21,2023-02-23,CALL,ITM2,1840,2023-02-21 11:59:00,23.15,23.15,22.75,22.75,3000
ACC,2023-02-21,2023-02-23,CALL,ITM2,1840,2023-02-21 12:00:00,23.5,23.5,22.85,22.85,500
ACC,2023-02-21,2023-02-23,CALL,ITM2,1840,2023-02-21 12:01:00,23.05,23.05,23.05,23.05,250
ACC,2023-02-21,2023-02-23,CALL,ITM2,1840,2023-02-21 12:10:00,20.2,20.2,20.0,20.0,3000
ACC,2023-02-21,2023-02-23,CALL,ITM2,1840,2023-02-21 12:11:00,20.0,20.0,20.0,20.0,250
ACC,2023-02-21,2023-02-23,CALL,ITM2,1840,2023-02-21 12:13:00,20.1,20.1,20.0,20.0,1750
ACC,2023-02-21,2023-02-23,CALL,ITM2,1840,2023-02-21 12:15:00,20.5,20.5,20.5,20.5,750
ACC,2023-02-21,2023-02-23,CALL,ITM2,1840,2023-02-21 12:16:00,20.0,20.0,20.0,20.0,250
ACC,2023-02-21,2023-02-23,CALL,ITM2,1840,2023-02-21 12:17:00,19.0,19.5,19.0,19.5,3250
ACC,2023-02-21,2023-02-23,CALL,ITM2,1840,2023-02-21 12:18:00,19.5,19.5,19.5,19.5,250
ACC,2023-02-21,2023-02-23,CALL,ITM2,1840,2023-02-21 12:19:00,19.0,19.0,18.7,18.7,1250
ACC,2023-02-21,2023-02-23,CALL,ITM2,1840,2023-02-21 12:20:00,19.0,19.0,18.5,18.5,1000
ACC,2023-02-21,2023-02-23,CALL,ITM2,1840,2023-02-21 12:22:00,18.25,18.5,18.05,18.05,750
ACC,2023-02-21,2023-02-23,CALL,ITM2,1840,2023-02-21 12:23:00,18.0,18.0,17.05,17.05,2250
ACC,2023-02-21,2023-02-23,CALL,ITM2,1840,2023-02-21 12:24:00,17.6,17.65,17.6,17.65,1250
ACC,2023-02-21,2023-02-23,CALL,ITM2,1840,2023-02-21 12:25:00,17.65,17.65,17.35,17.35,750
ACC,2023-02-21,2023-02-23,CALL,ITM2,1840,2023-02-21 12:26:00,17.5,17.5,17.5,17.5,1000
ACC,2023-02-21,2023-02-23,CALL,ITM2,1840,2023-02-21 12:27:00,17.4,17.95,17.4,17.95,500
ACC,2023-02-21,2023-02-23,CALL,ITM2,1840,2023-02-21 12:28:00,19.2,19.2,18.25,18.25,1250
ACC,2023-02-21,2023-02-23,CALL,ITM2,1840,2023-02-21 12:29:00,18.75,18.8,18.75,18.8,2750
ACC,2023-02-21,2023-02-23,CALL,ITM2,1840,2023-02-21 12:31:00,19.0,19.0,19.0,19.0,1000
ACC,2023-02-21,2023-02-23,CALL,ITM2,1840,2023-02-21 12:32:00,18.75,18.85,18.75,18.85,1750
ACC,2023-02-21,2023-02-23,CALL,ITM2,1840,2023-02-21 12:33:00,18.75,18.75,18.5,18.5,1750
ACC,2023-02-21,2023-02-23,CALL,ITM2,1840,2023-02-21 12:34:00,18.05,18.25,18.05,18.1,3750
ACC,2023-02-21,2023-02-23,CALL,ITM2,1840,2023-02-21 12:35:00,18.5,18.5,18.25,18.25,4500
ACC,2023-02-21,2023-02-23,CALL,ITM2,1840,2023-02-21 12:36:00,18.9,18.9,18.25,18.25,1500
ACC,2023-02-21,2023-02-23,CALL,ITM2,1840,2023-02-21 12:37:00,18.15,18.15,18.15,18.15,250
ACC,2023-02-21,2023-02-23,CALL,ITM2,1840,2023-02-21 12:38:00,19.25,19.25,19.25,19.25,1750
ACC,2023-02-21,2023-02-23,CALL,ITM2,1840,2023-02-21 12:39:00,19.45,19.5,19.45,19.5,5500
ACC,2023-02-21,2023-02-23,CALL,ITM2,1840,2023-02-21 12:40:00,19.85,19.85,19.85,19.85,500
ACC,2023-02-21,2023-02-23,CALL,ITM2,1840,2023-02-21 12:41:00,20.3,20.3,20.05,20.1,2250
ACC,2023-02-21,2023-02-23,CALL,ITM2,1840,2023-02-21 12:42:00,20.0,20.3,20.0,20.3,750
ACC,2023-02-21,2023-02-23,CALL,ITM2,1840,2023-02-21 12:43:00,20.0,21.1,20.0,21.1,2500
ACC,2023-02-21,2023-02-23,CALL,ITM2,1840,2023-02-21 12:44:00,21.0,21.0,20.6,20.6,1000
ACC,2023-02-21,2023-02-23,CALL,ITM2,1840,2023-02-21 12:45:00,21.0,21.0,21.0,21.0,1000
ACC,2023-02-21,2023-02-23,CALL,ITM2,1840,2023-02-21 12:46:00,21.0,21.0,20.65,20.65,1750
ACC,2023-02-21,2023-02-23,CALL,ITM2,1840,2023-02-21 12:47:00,21.0,21.0,20.8,20.8,1750
ACC,2023-02-21,2023-02-23,CALL,ITM2,1840,2023-02-21 12:48:00,20.5,20.5,20.5,20.5,750
ACC,2023-02-21,2023-02-23,CALL,ITM2,1840,2023-02-21 12:50:00,20.3,20.3,20.05,20.05,2750
ACC,2023-02-21,2023-02-23,CALL,ITM2,1840,2023-02-21 12:51:00,20.0,20.0,20.0,20.0,1500
ACC,2023-02-21,2023-02-23,CALL,ITM2,1840,2023-02-21 12:55:00,19.9,19.9,19.9,19.9,500
ACC,2023-02-21,2023-02-23,CALL,ITM2,1840,2023-02-21 12:56:00,19.5,19.5,19.5,19.5,500
ACC,2023-02-21,2023-02-23,CALL,ITM2,1840,2023-02-21 12:57:00,19.4,19.65,19.4,19.65,1250
ACC,2023-02-21,2023-02-23,CALL,ITM2,1840,2023-02-21 12:58:00,19.35,19.35,19.35,19.35,2000
ACC,2023-02-21,2023-02-23,CALL,ITM2,1840,2023-02-21 13:00:00,19.85,19.85,19.85,19.85,250
ACC,2023-02-21,2023-02-23,CALL,ITM2,1840,2023-02-21 13:01:00,19.35,19.35,18.35,18.35,7750
ACC,2023-02-21,2023-02-23,CALL,ITM2,1840,2023-02-21 13:02:00,18.35,18.35,18.35,18.35,250
ACC,2023-02-21,2023-02-23,CALL,ITM2,1840,2023-02-21 13:03:00,18.35,18.35,18.35,18.35,250
ACC,2023-02-21,2023-02-23,CALL,ITM2,1840,2023-02-21 13:05:00,18.5,18.5,18.5,18.5,250
ACC,2023-02-21,2023-02-23,CALL,ITM2,1840,2023-02-21 13:06:00,19.4,19.4,19.4,19.4,2000
ACC,2023-02-21,2023-02-23,CALL,ITM2,1840,2023-02-21 13:07:00,19.55,19.55,19.55,19.55,500
ACC,2023-02-21,2023-02-23,CALL,ITM2,1840,2023-02-21 13:08:00,19.0,19.2,18.65,19.2,750
ACC,2023-02-21,2023-02-23,CALL,ITM2,1840,2023-02-21 13:11:00,20.0,20.0,20.0,20.0,250
ACC,2023-02-21,2023-02-23,CALL,ITM2,1840,2023-02-21 13:12:00,20.5,20.5,20.0,20.15,750
ACC,2023-02-21,2023-02-23,CALL,ITM2,1840,2023-02-21 13:14:00,20.55,20.55,20.55,20.55,2750
ACC,2023-02-21,2023-02-23,CALL,ITM2,1840,2023-02-21 13:17:00,20.0,20.0,20.0,20.0,250
ACC,2023-02-21,2023-02-23,CALL,ITM2,1840,2023-02-21 13:18:00,19.95,19.95,19.95,19.95,250
ACC,2023-02-21,2023-02-23,CALL,ITM2,1840,2023-02-21 13:20:00,19.2,19.2,19.2,19.2,500
ACC,2023-02-21,2023-02-23,CALL,ITM2,1840,2023-02-21 13:21:00,19.2,19.2,19.2,19.2,500
ACC,2023-02-21,2023-02-23,CALL,ITM2,1840,2023-02-21 13:22:00,19.0,19.0,19.0,19.0,1000
ACC,2023-02-21,2023-02-23,CALL,ITM2,1840,2023-02-21 13:24:00,19.0,19.0,19.0,19.0,250
ACC,2023-02-21,2023-02-23,CALL,ITM2,1840,2023-02-21 13:26:00,19.65,19.65,19.65,19.65,750
ACC,2023-02-21,2023-02-23,CALL,ITM2,1840,2023-02-21 13:27:00,18.9,18.9,18.5,18.5,1000
ACC,2023-02-21,2023-02-23,CALL,ITM2,1840,2023-02-21 13:29:00,18.5,18.5,18.2,18.3,2250
ACC,2023-02-21,2023-02-23,CALL,ITM2,1840,2023-02-21 13:30:00,17.8,17.8,17.8,17.8,250
ACC,2023-02-21,2023-02-23,CALL,ITM2,1840,2023-02-21 13:31:00,18.05,18.05,18.05,18.05,250
ACC,2023-02-21,2023-02-23,CALL,ITM2,1840,2023-02-21 13:32:00,18.0,18.0,18.0,18.0,750
ACC,2023-02-21,2023-02-23,CALL,ITM2,1840,2023-02-21 13:33:00,18.0,19.0,18.0,19.0,2250
ACC,2023-02-21,2023-02-23,CALL,ITM2,1840,2023-02-21 13:35:00,18.35,18.35,18.35,18.35,250
ACC,2023-02-21,2023-02-23,CALL,ITM2,1840,2023-02-21 13:36:00,18.5,18.5,18.5,18.5,750
ACC,2023-02-21,2023-02-23,CALL,ITM2,1840,2023-02-21 13:39:00,18.1,18.1,18.1,18.1,1000
ACC,2023-02-21,2023-02-23,CALL,ITM2,1840,2023-02-21 13:40:00,18.1,18.1,17.9,17.9,1250
ACC,2023-02-21,2023-02-23,CALL,ITM2,1840,2023-02-21 13:41:00,18.05,18.05,18.05,18.05,250
ACC,2023-02-21,2023-02-23,CALL,ITM2,1840,2023-02-21 13:42:00,18.2,18.7,18.2,18.7,3500
ACC,2023-02-21,2023-02-23,CALL,ITM2,1840,2023-02-21 13:43:00,18.95,18.95,18.95,18.95,250
ACC,2023-02-21,2023-02-23,CALL,ITM2,1840,2023-02-21 13:44:00,18.85,18.9,18.85,18.9,750
ACC,2023-02-21,2023-02-23,CALL,ITM2,1840,2023-02-21 13:45:00,18.65,18.65,18.65,18.65,250
ACC,2023-02-21,2023-02-23,CALL,ITM2,1840,2023-02-21 13:47:00,18.5,18.5,18.5,18.5,250
ACC,2023-02-21,2023-02-23,CALL,ITM2,1840,2023-02-21 13:48:00,18.25,18.25,18.25,18.25,750
ACC,2023-02-21,2023-02-23,CALL,ITM2,1840,2023-02-21 13:51:00,17.5,17.5,17.5,17.5,500
ACC,2023-02-21,2023-02-23,CALL,ITM2,1840,2023-02-21 13:52:00,17.5,18.25,17.5,18.25,1000
ACC,2023-02-21,2023-02-23,CALL,ITM2,1840,2023-02-21 13:55:00,17.7,17.7,17.7,17.7,750
ACC,2023-02-21,2023-02-23,CALL,ITM2,1840,2023-02-21 13:56:00,18.1,18.1,18.1,18.1,1000
ACC,2023-02-21,2023-02-23,CALL,ITM2,1840,2023-02-21 13:57:00,18.1,18.65,18.1,18.65,1000
ACC,2023-02-21,2023-02-23,CALL,ITM2,1840,2023-02-21 13:59:00,18.0,18.0,18.0,18.0,250
ACC,2023-02-21,2023-02-23,CALL,ITM2,1840,2023-02-21 14:01:00,17.55,17.55,17.55,17.55,250
ACC,2023-02-21,2023-02-23,CALL,ITM2,1840,2023-02-21 14:02:00,17.5,17.5,17.5,17.5,250
ACC,2023-02-21,2023-02-23,CALL,ITM2,1840,2023-02-21 14:03:00,17.2,17.2,17.2,17.2,250
ACC,2023-02-21,2023-02-23,CALL,ITM2,1840,2023-02-21 14:04:00,17.3,17.3,17.0,17.0,1000
ACC,2023-02-21,2023-02-23,CALL,ITM2,1840,2023-02-21 14:05:00,17.0,17.0,16.8,16.8,2750
ACC,2023-02-21,2023-02-23,CALL,ITM2,1840,2023-02-21 14:06:00,17.1,17.9,17.1,17.9,3250
ACC,2023-02-21,2023-02-23,CALL,ITM2,1840,2023-02-21 14:07:00,18.0,18.0,18.0,18.0,1000
ACC,2023-02-21,2023-02-23,CALL,ITM2,1840,2023-02-21 14:08:00,17.7,17.7,17.5,17.5,1000
ACC,2023-02-21,2023-02-23,CALL,ITM2,1840,2023-02-21 14:09:00,17.45,17.45,17.45,17.45,500
ACC,2023-02-21,2023-02-23,CALL,ITM2,1840,2023-02-21 14:10:00,17.5,17.9,17.5,17.9,1500
ACC,2023-02-21,2023-02-23,CALL,ITM2,1840,2023-02-21 14:11:00,17.65,17.65,17.65,17.65,1500
ACC,2023-02-21,2023-02-23,CALL,ITM2,1840,2023-02-21 14:13:00,17.55,18.0,17.55,18.0,500
ACC,2023-02-21,2023-02-23,CALL,ITM2,1840,2023-02-21 14:14:00,17.25,17.25,17.25,17.25,250
ACC,2023-02-21,2023-02-23,CALL,ITM2,1840,2023-02-21 14:15:00,16.55,16.55,16.55,16.55,1500
ACC,2023-02-21,2023-02-23,CALL,ITM2,1840,2023-02-21 14:16:00,16.2,16.2,16.2,16.2,250
ACC,2023-02-21,2023-02-23,CALL,ITM2,1840,2023-02-21 14:17:00,16.75,16.75,16.75,16.75,250
ACC,2023-02-21,2023-02-23,CALL,ITM2,1840,2023-02-21 14:19:00,16.5,16.5,16.0,16.3,3500
ACC,2023-02-21,2023-02-23,CALL,ITM2,1840,2023-02-21 14:20:00,16.3,16.3,16.3,16.3,250
ACC,2023-02-21,2023-02-23,CALL,ITM2,1840,2023-02-21 14:21:00,16.0,16.0,16.0,16.0,750
ACC,2023-02-21,2023-02-23,CALL,ITM2,1840,2023-02-21 14:22:00,15.85,15.85,15.35,15.35,750
ACC,2023-02-21,2023-02-23,CALL,ITM2,1840,2023-02-21 14:23:00,15.0,15.0,15.0,15.0,2750
ACC,2023-02-21,2023-02-23,CALL,ITM2,1840,2023-02-21 14:24:00,15.0,15.0,15.0,15.0,250
ACC,2023-02-21,2023-02-23,CALL,ITM2,1840,2023-02-21 14:25:00,15.75,15.75,15.75,15.75,1750
ACC,2023-02-21,2023-02-23,CALL,ITM2,1840,2023-02-21 14:26:00,15.75,15.75,15.75,15.75,250
ACC,2023-02-21,2023-02-23,CALL,ITM2,1840,2023-02-21 14:27:00,15.75,15.75,15.0,15.0,1250
ACC,2023-02-21,2023-02-23,CALL,ITM2,1840,2023-02-21 14:28:00,15.15,15.15,15.15,15.15,500
ACC,2023-02-21,2023-02-23,CALL,ITM2,1840,2023-02-21 14:29:00,14.7,15.15,14.65,14.65,1750
ACC,2023-02-21,2023-02-23,CALL,ITM2,1840,2023-02-21 14:30:00,14.85,15.6,14.85,15.6,1250
ACC,2023-02-21,2023-02-23,CALL,ITM2,1840,2023-02-21 14:32:00,15.0,15.0,15.0,15.0,500
ACC,2023-02-21,2023-02-23,CALL,ITM2,1840,2023-02-21 14:33:00,15.45,16.35,15.45,16.35,500
ACC,2023-02-21,2023-02-23,CALL,ITM2,1840,2023-02-21 14:34:00,16.35,16.35,16.35,16.35,500
ACC,2023-02-21,2023-02-23,CALL,ITM2,1840,2023-02-21 14:36:00,16.5,16.5,16.5,16.5,250
ACC,2023-02-21,2023-02-23,CALL,ITM2,1840,2023-02-21 14:37:00,16.6,16.6,16.25,16.25,1500
ACC,2023-02-21,2023-02-23,CALL,ITM2,1840,2023-02-21 14:39:00,16.6,16.6,16.6,16.6,750
ACC,2023-02-21,2023-02-23,CALL,ITM2,1840,2023-02-21 14:40:00,16.45,16.45,16.45,16.45,5250
ACC,2023-02-21,2023-02-23,CALL,ITM2,1840,2023-02-21 14:42:00,16.6,16.6,16.6,16.6,1000
ACC,2023-02-21,2023-02-23,CALL,ITM2,1840,2023-02-21 14:43:00,16.4,16.7,16.35,16.4,1000
ACC,2023-02-21,2023-02-23,CALL,ITM2,1840,2023-02-21 14:44:00,16.5,16.5,16.5,16.5,250
ACC,2023-02-21,2023-02-23,CALL,ITM2,1840,2023-02-21 14:45:00,16.95,16.95,16.95,16.95,250
ACC,2023-02-21,2023-02-23,CALL,ITM2,1840,2023-02-21 14:46:00,16.95,16.95,16.95,16.95,750
ACC,2023-02-21,2023-02-23,CALL,ITM2,1840,2023-02-21 14:47:00,17.0,17.0,17.0,17.0,1500
ACC,2023-02-21,2023-02-23,CALL,ITM2,1840,2023-02-21 14:49:00,17.0,17.65,17.0,17.65,3500
ACC,2023-02-21,2023-02-23,CALL,ITM2,1840,2023-02-21 14:52:00,17.5,17.5,17.5,17.5,250
ACC,2023-02-21,2023-02-23,CALL,ITM2,1840,2023-02-21 14:53:00,17.5,17.5,17.5,17.5,5500
ACC,2023-02-21,2023-02-23,CALL,ITM2,1840,2023-02-21 14:54:00,17.3,17.3,17.3,17.3,1000
ACC,2023-02-21,2023-02-23,CALL,ITM2,1840,2023-02-21 14:56:00,16.5,16.5,16.5,16.5,2000
ACC,2023-02-21,2023-02-23,CALL,ITM2,1840,2023-02-21 14:58:00,17.25,17.4,17.25,17.4,1750
ACC,2023-02-21,2023-02-23,CALL,ITM2,1840,2023-02-21 15:00:00,17.6,18.55,17.6,18.55,3250
ACC,2023-02-21,2023-02-23,CALL,ITM2,1840,2023-02-21 15:01:00,18.25,18.25,18.25,18.25,250
ACC,2023-02-21,2023-02-23,CALL,ITM2,1840,2023-02-21 15:02:00,18.25,18.25,18.05,18.05,750
ACC,2023-02-21,2023-02-23,CALL,ITM2,1840,2023-02-21 15:04:00,17.0,17.0,16.5,16.5,1000
ACC,2023-02-21,2023-02-23,CALL,ITM2,1840,2023-02-21 15:05:00,16.55,16.55,16.0,16.0,4750
ACC,2023-02-21,2023-02-23,CALL,ITM2,1840,2023-02-21 15:06:00,16.0,16.0,16.0,16.0,500
ACC,2023-02-21,2023-02-23,CALL,ITM2,1840,2023-02-21 15:07:00,16.1,16.1,15.2,15.2,750
ACC,2023-02-21,2023-02-23,CALL,ITM2,1840,2023-02-21 15:08:00,15.2,15.2,15.2,15.2,250
ACC,2023-02-21,2023-02-23,CALL,ITM2,1840,2023-02-21 15:09:00,15.0,15.55,15.0,15.55,5000
ACC,2023-02-21,2023-02-23,CALL,ITM2,1840,2023-02-21 15:10:00,16.9,17.05,16.9,17.05,5250
ACC,2023-02-21,2023-02-23,CALL,ITM2,1840,2023-02-21 15:11:00,16.55,16.95,16.4,16.95,1750
ACC,2023-02-21,2023-02-23,CALL,ITM2,1840,2023-02-21 15:12:00,16.5,16.5,14.5,15.9,6500
ACC,2023-02-21,2023-02-23,CALL,ITM2,1840,2023-02-21 15:13:00,15.8,16.25,15.8,16.25,2250
ACC,2023-02-21,2023-02-23,CALL,ITM2,1840,2023-02-21 15:14:00,16.25,16.25,15.5,16.05,1250
ACC,2023-02-21,2023-02-23,CALL,ITM2,1840,2023-02-21 15:15:00,16.05,16.05,16.05,16.05,250
ACC,2023-02-21,2023-02-23,CALL,ITM2,1840,2023-02-21 15:16:00,16.1,16.5,16.1,16.5,1250
ACC,2023-02-21,2023-02-23,CALL,ITM2,1840,2023-02-21 15:17:00,16.5,16.5,16.0,16.0,2500
ACC,2023-02-21,2023-02-23,CALL,ITM2,1840,2023-02-21 15:18:00,15.8,15.85,15.8,15.85,500
ACC,2023-02-21,2023-02-23,CALL,ITM2,1840,2023-02-21 15:19:00,16.1,16.1,16.1,16.1,500
ACC,2023-02-21,2023-02-23,CALL,ITM2,1840,2023-02-21 15:20:00,16.0,16.0,16.0,16.0,750
ACC,2023-02-21,2023-02-23,CALL,ITM2,1840,2023-02-21 15:21:00,14.4,14.7,14.4,14.7,3750
ACC,2023-02-21,2023-02-23,CALL,ITM2,1840,2023-02-21 15:22:00,14.7,14.7,14.3,14.3,4250
ACC,2023-02-21,2023-02-23,CALL,ITM2,1840,2023-02-21 15:23:00,14.7,14.7,14.7,14.7,1500
ACC,2023-02-21,2023-02-23,CALL,ITM2,1840,2023-02-21 15:24:00,15.0,15.0,15.0,15.0,1000
ACC,2023-02-21,2023-02-23,CALL,ITM2,1840,2023-02-21 15:25:00,13.8,13.85,13.8,13.85,5250
ACC,2023-02-21,2023-02-23,CALL,ITM2,1840,2023-02-21 15:26:00,14.6,14.6,14.6,14.6,500
ACC,2023-02-21,2023-02-23,CALL,ITM2,1840,2023-02-21 15:27:00,14.6,14.6,14.6,14.6,500
ACC,2023-02-21,2023-02-23,CALL,ITM2,1840,2023-02-21 15:28:00,14.0,14.0,14.0,14.0,1250
ACC,2023-02-21,2023-02-23,CALL,ITM2,1840,2023-02-21 15:29:00,14.0,14.0,13.8,13.8,1000
ACC,2023-02-21,2023-02-23,PUT,OTM2,1840,2023-02-21 09:15:00,18.8,18.8,14.15,14.15,1000
ACC,2023-02-21,2023-02-23,PUT,OTM2,1840,2023-02-21 09:16:00,12.55,14.0,12.55,14.0,3250
ACC,2023-02-21,2023-02-23,PUT,OTM2,1840,2023-02-21 09:17:00,15.4,15.4,13.85,13.85,1250
ACC,2023-02-21,2023-02-23,PUT,OTM2,1840,2023-02-21 09:18:00,13.9,14.2,13.9,14.2,3000
ACC,2023-02-21,2023-02-23,PUT,OTM2,1840,2023-02-21 09:19:00,14.0,14.0,14.0,14.0,750
ACC,2023-02-21,2023-02-23,PUT,OTM2,1840,2023-02-21 09:20:00,14.95,15.85,14.95,15.85,3250
ACC,2023-02-21,2023-02-23,PUT,OTM2,1840,2023-02-21 09:21:00,15.8,15.8,15.8,15.8,1750
ACC,2023-02-21,2023-02-23,PUT,OTM2,1840,2023-02-21 09:22:00,16.2,18.25,16.2,18.25,3500
ACC,2023-02-21,2023-02-23,PUT,OTM2,1840,2023-02-21 09:23:00,19.45,19.45,16.45,16.45,1500
ACC,2023-02-21,2023-02-23,PUT,OTM2,1840,2023-02-21 09:24:00,17.65,17.65,17.65,17.65,1500
ACC,2023-02-21,2023-02-23,PUT,OTM2,1840,2023-02-21 09:25:00,18.85,18.85,18.85,18.85,500
ACC,2023-02-21,2023-02-23,PUT,OTM2,1840,2023-02-21 09:26:00,17.9,17.9,16.4,16.4,500
ACC,2023-02-21,2023-02-23,PUT,OTM2,1840,2023-02-21 09:27:00,15.0,15.0,15.0,15.0,500
ACC,2023-02-21,2023-02-23,PUT,OTM2,1840,2023-02-21 09:28:00,15.8,16.5,15.8,16.5,750
ACC,2023-02-21,2023-02-23,PUT,OTM2,1840,2023-02-21 09:29:00,18.2,18.2,16.8,16.8,1000
ACC,2023-02-21,2023-02-23,PUT,OTM2,1840,2023-02-21 09:30:00,14.65,14.65,14.65,14.65,1500
ACC,2023-02-21,2023-02-23,PUT,OTM2,1840,2023-02-21 09:31:00,14.0,16.05,13.55,16.05,3500
ACC,2023-02-21,2023-02-23,PUT,OTM2,1840,2023-02-21 09:33:00,14.3,14.3,14.3,14.3,250
ACC,2023-02-21,2023-02-23,PUT,OTM2,1840,2023-02-21 09:34:00,14.3,14.3,14.3,14.3,250
ACC,2023-02-21,2023-02-23,PUT,OTM2,1840,2023-02-21 09:35:00,15.55,15.55,15.55,15.55,500
ACC,2023-02-21,2023-02-23,PUT,OTM2,1840,2023-02-21 09:36:00,16.0,16.05,16.0,16.05,2500
ACC,2023-02-21,2023-02-23,PUT,OTM2,1840,2023-02-21 09:37:00,16.25,16.25,16.25,16.25,1000
ACC,2023-02-21,2023-02-23,PUT,OTM2,1840,2023-02-21 09:38:00,16.35,16.35,16.35,16.35,250
ACC,2023-02-21,2023-02-23,PUT,OTM2,1840,2023-02-21 09:39:00,15.75,15.75,14.3,14.3,2500
ACC,2023-02-21,2023-02-23,PUT,OTM2,1840,2023-02-21 09:40:00,15.1,15.7,14.9,15.45,2000
ACC,2023-02-21,2023-02-23,PUT,OTM2,1840,2023-02-21 09:41:00,14.75,14.75,14.75,14.75,500
ACC,2023-02-21,2023-02-23,PUT,OTM2,1840,2023-02-21 09:42:00,14.35,14.45,14.35,14.45,750
ACC,2023-02-21,2023-02-23,PUT,OTM2,1840,2023-02-21 09:43:00,14.4,14.4,14.4,14.4,500
ACC,2023-02-21,2023-02-23,PUT,OTM2,1840,2023-02-21 09:44:00,14.3,14.85,14.3,14.65,750
ACC,2023-02-21,2023-02-23,PUT,OTM2,1840,2023-02-21 09:45:00,15.15,15.9,15.15,15.9,500
ACC,2023-02-21,2023-02-23,PUT,OTM2,1840,2023-02-21 09:46:00,15.9,18.45,15.9,18.45,1000
ACC,2023-02-21,2023-02-23,PUT,OTM2,1840,2023-02-21 09:47:00,17.6,17.6,16.65,16.65,750
ACC,2023-02-21,2023-02-23,PUT,OTM2,1840,2023-02-21 09:48:00,16.25,17.0,13.6,13.6,2500
ACC,2023-02-21,2023-02-23,PUT,OTM2,1840,2023-02-21 09:49:00,14.8,14.9,14.8,14.9,500
ACC,2023-02-21,2023-02-23,PUT,OTM2,1840,2023-02-21 09:50:00,14.0,14.0,14.0,14.0,500
ACC,2023-02-21,2023-02-23,PUT,OTM2,1840,2023-02-21 09:51:00,13.75,13.75,13.7,13.75,750
ACC,2023-02-21,2023-02-23,PUT,OTM2,1840,2023-02-21 09:55:00,15.7,15.7,15.65,15.65,750
ACC,2023-02-21,2023-02-23,PUT,OTM2,1840,2023-02-21 09:56:00,14.65,15.15,14.65,15.15,500
ACC,2023-02-21,2023-02-23,PUT,OTM2,1840,2023-02-21 09:57:00,14.45,14.45,13.75,13.75,1500
ACC,2023-02-21,2023-02-23,PUT,OTM2,1840,2023-02-21 09:58:00,12.6,12.6,12.6,12.6,250
ACC,2023-02-21,2023-02-23,PUT,OTM2,1840,2023-02-21 09:59:00,12.3,12.6,12.3,12.6,750
ACC,2023-02-21,2023-02-23,PUT,OTM2,1840,2023-02-21 10:00:00,13.4,13.4,13.4,13.4,1000
ACC,2023-02-21,2023-02-23,PUT,OTM2,1840,2023-02-21 10:01:00,13.25,14.45,13.25,14.0,1250
ACC,2023-02-21,2023-02-23,PUT,OTM2,1840,2023-02-21 10:02:00,14.9,14.9,14.9,14.9,250
ACC,2023-02-21,2023-02-23,PUT,OTM2,1840,2023-02-21 10:05:00,13.45,13.45,13.45,13.45,250
ACC,2023-02-21,2023-02-23,PUT,OTM2,1840,2023-02-21 10:06:00,14.2,14.2,13.1,13.2,1000
ACC,2023-02-21,2023-02-23,PUT,OTM2,1840,2023-02-21 10:07:00,14.25,14.25,12.75,12.75,1500
ACC,2023-02-21,2023-02-23,PUT,OTM2,1840,2023-02-21 10:09:00,13.6,13.6,13.45,13.45,500
ACC,2023-02-21,2023-02-23,PUT,OTM2,1840,2023-02-21 10:10:00,13.6,14.45,13.45,14.45,750
ACC,2023-02-21,2023-02-23,PUT,OTM2,1840,2023-02-21 10:11:00,14.6,14.6,14.6,14.6,250
ACC,2023-02-21,2023-02-23,PUT,OTM2,1840,2023-02-21 10:12:00,13.75,14.05,13.75,14.05,500
ACC,2023-02-21,2023-02-23,PUT,OTM2,1840,2023-02-21 10:14:00,14.0,14.0,14.0,14.0,500
ACC,2023-02-21,2023-02-23,PUT,OTM2,1840,2023-02-21 10:15:00,14.5,15.0,14.5,15.0,500
ACC,2023-02-21,2023-02-23,PUT,OTM2,1840,2023-02-21 10:22:00,14.4,14.4,14.4,14.4,1000
ACC,2023-02-21,2023-02-23,PUT,OTM2,1840,2023-02-21 10:27:00,14.0,14.4,14.0,14.4,1000
ACC,2023-02-21,2023-02-23,PUT,OTM2,1840,2023-02-21 10:30:00,16.0,16.0,16.0,16.0,500
ACC,2023-02-21,2023-02-23,PUT,OTM2,1840,2023-02-21 10:33:00,16.0,16.0,16.0,16.0,250
ACC,2023-02-21,2023-02-23,PUT,OTM2,1840,2023-02-21 10:34:00,16.75,16.75,16.75,16.75,1000
ACC,2023-02-21,2023-02-23,PUT,OTM2,1840,2023-02-21 10:35:00,17.55,17.55,17.55,17.55,1250
ACC,2023-02-21,2023-02-23,PUT,OTM2,1840,2023-02-21 10:36:00,17.4,17.4,17.4,17.4,500
ACC,2023-02-21,2023-02-23,PUT,OTM2,1840,2023-02-21 10:37:00,18.3,18.3,18.3,18.3,250
ACC,2023-02-21,2023-02-23,PUT,OTM2,1840,2023-02-21 10:38:00,19.0,19.15,19.0,19.15,750
ACC,2023-02-21,2023-02-23,PUT,OTM2,1840,2023-02-21 10:39:00,19.15,19.15,19.15,19.15,250
ACC,2023-02-21,2023-02-23,PUT,OTM2,1840,2023-02-21 10:40:00,19.2,19.2,18.55,18.55,750
ACC,2023-02-21,2023-02-23,PUT,OTM2,1840,2023-02-21 10:42:00,17.2,17.7,17.2,17.7,1000
ACC,2023-02-21,2023-02-23,PUT,OTM2,1840,2023-02-21 10:43:00,18.55,19.15,18.55,19.15,750
ACC,2023-02-21,2023-02-23,PUT,OTM2,1840,2023-02-21 10:44:00,19.0,19.0,19.0,19.0,500
ACC,2023-02-21,2023-02-23,PUT,OTM2,1840,2023-02-21 10:47:00,19.0,19.0,18.45,18.45,1000
ACC,2023-02-21,2023-02-23,PUT,OTM2,1840,2023-02-21 10:49:00,19.2,19.2,19.2,19.2,750
ACC,2023-02-21,2023-02-23,PUT,OTM2,1840,2023-02-21 10:50:00,20.95,22.0,20.95,21.3,1750
ACC,2023-02-21,2023-02-23,PUT,OTM2,1840,2023-02-21 10:51:00,21.4,22.5,21.4,21.4,2250
ACC,2023-02-21,2023-02-23,PUT,OTM2,1840,2023-02-21 10:52:00,20.85,20.85,20.85,20.85,250
ACC,2023-02-21,2023-02-23,PUT,OTM2,1840,2023-02-21 10:53:00,21.0,21.0,20.25,20.25,1250
ACC,2023-02-21,2023-02-23,PUT,OTM2,1840,2023-02-21 10:56:00,20.8,20.9,20.8,20.9,1000
ACC,2023-02-21,2023-02-23,PUT,OTM2,1840,2023-02-21 10:57:00,20.35,20.35,20.35,20.35,750
ACC,2023-02-21,2023-02-23,PUT,OTM2,1840,2023-02-21 10:58:00,20.25,20.5,20.25,20.5,1000
ACC,2023-02-21,2023-02-23,PUT,OTM2,1840,2023-02-21 11:00:00,20.85,20.85,20.85,20.85,1250
ACC,2023-02-21,2023-02-23,PUT,OTM2,1840,2023-02-21 11:01:00,21.45,21.55,21.0,21.55,1500
ACC,2023-02-21,2023-02-23,PUT,OTM2,1840,2023-02-21 11:02:00,21.5,21.5,21.05,21.05,500
ACC,2023-02-21,2023-02-23,PUT,OTM2,1840,2023-02-21 11:03:00,21.65,21.8,21.65,21.8,500
ACC,2023-02-21,2023-02-23,PUT,OTM2,1840,2023-02-21 11:06:00,21.75,21.75,21.75,21.75,250
ACC,2023-02-21,2023-02-23,PUT,OTM2,1840,2023-02-21 11:09:00,21.25,22.0,21.25,22.0,1750
ACC,2023-02-21,2023-02-23,PUT,OTM2,1840,2023-02-21 11:10:00,21.5,21.5,21.5,21.5,500
ACC,2023-02-21,2023-02-23,PUT,OTM2,1840,2023-02-21 11:14:00,20.35,20.35,20.35,20.35,750
ACC,2023-02-21,2023-02-23,PUT,OTM2,1840,2023-02-21 11:15:00,20.35,20.35,20.35,20.35,1000
ACC,2023-02-21,2023-02-23,PUT,OTM2,1840,2023-02-21 11:16:00,21.05,21.85,21.05,21.85,750
ACC,2023-02-21,2023-02-23,PUT,OTM2,1840,2023-02-21 11:17:00,21.0,23.4,21.0,22.3,3000
ACC,2023-02-21,2023-02-23,PUT,OTM2,1840,2023-02-21 11:18:00,23.0,23.0,23.0,23.0,250
ACC,2023-02-21,2023-02-23,PUT,OTM2,1840,2023-02-21 11:19:00,24.1,24.1,23.45,23.5,1750
ACC,2023-02-21,2023-02-23,PUT,OTM2,1840,2023-02-21 11:20:00,23.9,23.9,23.9,23.9,250
ACC,2023-02-21,2023-02-23,PUT,OTM2,1840,2023-02-21 11:21:00,21.0,21.3,21.0,21.25,3500
ACC,2023-02-21,2023-02-23,PUT,OTM2,1840,2023-02-21 11:25:00,22.9,22.9,22.05,22.05,1000
ACC,2023-02-21,2023-02-23,PUT,OTM2,1840,2023-02-21 11:28:00,22.05,23.05,22.05,23.05,1000
ACC,2023-02-21,2023-02-23,PUT,OTM2,1840,2023-02-21 11:29:00,23.0,24.45,23.0,24.45,1750
ACC,2023-02-21,2023-02-23,PUT,OTM2,1840,2023-02-21 11:32:00,24.5,24.5,24.5,24.5,250
ACC,2023-02-21,2023-02-23,PUT,OTM2,1840,2023-02-21 11:34:00,22.75,22.75,22.75,22.75,500
ACC,2023-02-21,2023-02-23,PUT,OTM2,1840,2023-02-21 11:35:00,23.2,23.2,22.45,22.45,500
ACC,2023-02-21,2023-02-23,PUT,OTM2,1840,2023-02-21 11:36:00,22.0,22.0,21.45,21.45,4500
ACC,2023-02-21,2023-02-23,PUT,OTM2,1840,2023-02-21 11:37:00,21.85,22.0,21.85,22.0,500
ACC,2023-02-21,2023-02-23,PUT,OTM2,1840,2023-02-21 11:40:00,21.35,21.35,21.35,21.35,250
ACC,2023-02-21,2023-02-23,PUT,OTM2,1840,2023-02-21 11:41:00,21.35,21.35,21.35,21.35,500
ACC,2023-02-21,2023-02-23,PUT,OTM2,1840,2023-02-21 11:44:00,22.0,22.0,22.0,22.0,500
ACC,2023-02-21,2023-02-23,PUT,OTM2,1840,2023-02-21 11:46:00,21.9,21.9,21.9,21.9,250
ACC,2023-02-21,2023-02-23,PUT,OTM2,1840,2023-02-21 11:47:00,21.8,23.2,21.8,23.2,750
ACC,2023-02-21,2023-02-23,PUT,OTM2,1840,2023-02-21 11:48:00,23.0,26.4,23.0,23.2,2000
ACC,2023-02-21,2023-02-23,PUT,OTM2,1840,2023-02-21 11:49:00,23.55,23.55,23.55,23.55,250
ACC,2023-02-21,2023-02-23,PUT,OTM2,1840,2023-02-21 11:50:00,25.0,26.0,25.0,26.0,750
ACC,2023-02-21,2023-02-23,PUT,OTM2,1840,2023-02-21 11:51:00,25.0,25.5,24.7,24.7,2000
ACC,2023-02-21,2023-02-23,PUT,OTM2,1840,2023-02-21 11:52:00,23.95,24.0,22.5,22.5,1500
ACC,2023-02-21,2023-02-23,PUT,OTM2,1840,2023-02-21 11:53:00,23.0,23.0,22.0,22.5,3000
ACC,2023-02-21,2023-02-23,PUT,OTM2,1840,2023-02-21 11:54:00,21.5,21.5,20.9,20.9,2500
ACC,2023-02-21,2023-02-23,PUT,OTM2,1840,2023-02-21 11:55:00,21.0,24.2,20.85,22.45,6000
ACC,2023-02-21,2023-02-23,PUT,OTM2,1840,2023-02-21 11:56:00,22.9,22.9,22.9,22.9,750
ACC,2023-02-21,2023-02-23,PUT,OTM2,1840,2023-02-21 11:58:00,20.4,20.4,19.3,19.3,1250
ACC,2023-02-21,2023-02-23,PUT,OTM2,1840,2023-02-21 11:59:00,21.75,21.75,21.75,21.75,250
ACC,2023-02-21,2023-02-23,PUT,OTM2,1840,2023-02-21 12:09:00,21.75,21.75,21.75,21.75,1000
ACC,2023-02-21,2023-02-23,PUT,OTM2,1840,2023-02-21 12:10:00,22.3,22.3,22.3,22.3,250
ACC,2023-02-21,2023-02-23,PUT,OTM2,1840,2023-02-21 12:13:00,23.2,23.2,23.2,23.2,1000
ACC,2023-02-21,2023-02-23,PUT,OTM2,1840,2023-02-21 12:16:00,23.0,23.0,23.0,23.0,250
ACC,2023-02-21,2023-02-23,PUT,OTM2,1840,2023-02-21 12:17:00,24.3,24.4,24.3,24.4,2250
ACC,2023-02-21,2023-02-23,PUT,OTM2,1840,2023-02-21 12:19:00,24.5,25.3,24.5,25.3,750
ACC,2023-02-21,2023-02-23,PUT,OTM2,1840,2023-02-21 12:23:00,27.0,27.0,27.0,27.0,500
ACC,2023-02-21,2023-02-23,PUT,OTM2,1840,2023-02-21 12:24:00,28.5,28.5,27.7,27.7,500
ACC,2023-02-21,2023-02-23,PUT,OTM2,1840,2023-02-21 12:26:00,28.15,28.15,28.15,28.15,250
ACC,2023-02-21,2023-02-23,PUT,OTM2,1840,2023-02-21 12:28:00,26.2,26.2,26.2,26.2,250
ACC,2023-02-21,2023-02-23,PUT,OTM2,1840,2023-02-21 12:34:00,27.3,27.3,27.3,27.3,750
ACC,2023-02-21,2023-02-23,PUT,OTM2,1840,2023-02-21 12:37:00,27.0,27.0,27.0,27.0,250
ACC,2023-02-21,2023-02-23,PUT,OTM2,1840,2023-02-21 12:38:00,26.75,26.75,26.75,26.75,500
ACC,2023-02-21,2023-02-23,PUT,OTM2,1840,2023-02-21 12:39:00,26.3,26.3,26.25,26.25,500
ACC,2023-02-21,2023-02-23,PUT,OTM2,1840,2023-02-21 12:40:00,25.1,25.7,25.1,25.7,1000
ACC,2023-02-21,2023-02-23,PUT,OTM2,1840,2023-02-21 12:41:00,26.2,26.2,26.2,26.2,250
ACC,2023-02-21,2023-02-23,PUT,OTM2,1840,2023-02-21 12:51:00,25.0,25.0,25.0,25.0,1000
ACC,2023-02-21,2023-02-23,PUT,OTM2,1840,2023-02-21 13:01:00,24.95,25.0,24.95,25.0,500
ACC,2023-02-21,2023-02-23,PUT,OTM2,1840,2023-02-21 13:06:00,24.85,24.85,24.85,24.85,250
ACC,2023-02-21,2023-02-23,PUT,OTM2,1840,2023-02-21 13:10:00,25.95,25.95,25.95,25.95,500
ACC,2023-02-21,2023-02-23,PUT,OTM2,1840,2023-02-21 13:14:00,23.8,23.8,23.8,23.8,250
ACC,2023-02-21,2023-02-23,PUT,OTM2,1840,2023-02-21 13:31:00,26.4,26.4,26.4,26.4,250
ACC,2023-02-21,2023-02-23,PUT,OTM2,1840,2023-02-21 13:39:00,25.75,25.75,25.75,25.75,250
ACC,2023-02-21,2023-02-23,PUT,OTM2,1840,2023-02-21 13:53:00,25.75,25.75,25.75,25.75,250
ACC,2023-02-21,2023-02-23,PUT,OTM2,1840,2023-02-21 13:55:00,26.0,26.0,26.0,26.0,500
ACC,2023-02-21,2023-02-23,PUT,OTM2,1840,2023-02-21 13:56:00,24.0,24.0,24.0,24.0,250
ACC,2023-02-21,2023-02-23,PUT,OTM2,1840,2023-02-21 13:57:00,25.05,25.05,25.05,25.05,250
ACC,2023-02-21,2023-02-23,PUT,OTM2,1840,2023-02-21 14:14:00,24.0,24.0,24.0,24.0,500
ACC,2023-02-21,2023-02-23,PUT,OTM2,1840,2023-02-21 14:17:00,25.25,25.25,25.25,25.25,250
ACC,2023-02-21,2023-02-23,PUT,OTM2,1840,2023-02-21 14:29:00,27.0,27.0,27.0,27.0,250
ACC,2023-02-21,2023-02-23,PUT,OTM2,1840,2023-02-21 14:46:00,24.3,24.3,24.3,24.3,250
ACC,2023-02-21,2023-02-23,PUT,OTM2,1840,2023-02-21 14:47:00,23.5,23.5,23.5,23.5,500
ACC,2023-02-21,2023-02-23,PUT,OTM2,1840,2023-02-21 14:53:00,24.2,24.2,24.2,24.2,750
ACC,2023-02-21,2023-02-23,PUT,OTM2,1840,2023-02-21 14:54:00,23.3,23.3,23.3,23.3,250
ACC,2023-02-21,2023-02-23,PUT,OTM2,1840,2023-02-21 15:00:00,20.75,20.75,20.75,20.75,500
ACC,2023-02-21,2023-02-23,PUT,OTM2,1840,2023-02-21 15:05:00,23.0,23.65,23.0,23.65,750
ACC,2023-02-21,2023-02-23,PUT,OTM2,1840,2023-02-21 15:07:00,24.7,24.7,24.7,24.7,250
ACC,2023-02-21,2023-02-23,PUT,OTM2,1840,2023-02-21 15:10:00,24.6,24.6,24.6,24.6,250
ACC,2023-02-21,2023-02-23,PUT,OTM2,1840,2023-02-21 15:11:00,21.6,21.6,21.6,21.6,500
ACC,2023-02-21,2023-02-23,PUT,OTM2,1840,2023-02-21 15:13:00,23.4,23.4,23.4,23.4,500
ACC,2023-02-21,2023-02-23,PUT,OTM2,1840,2023-02-21 15:24:00,23.0,23.0,23.0,23.0,500
ACC,2023-02-21,2023-02-23,PUT,OTM2,1840,2023-02-21 15:25:00,22.0,22.0,22.0,22.0,500
ACC,2023-02-21,2023-02-23,PUT,OTM2,1840,2023-02-21 15:27:00,24.4,24.4,24.4,24.4,250
ACC,2023-02-21,2023-02-23,PUT,OTM2,1840,2023-02-21 15:29:00,25.0,25.0,25.0,25.0,250
ACC,2023-02-21,2023-02-23,PUT,ATM,1860,2023-02-21 09:16:00,24.2,24.2,24.2,24.2,500
ACC,2023-02-21,2023-02-23,PUT,ATM,1860,2023-02-21 09:17:00,27.75,27.75,27.0,27.0,1000
ACC,2023-02-21,2023-02-23,PUT,ATM,1860,2023-02-21 09:18:00,25.0,25.0,25.0,25.0,750
ACC,2023-02-21,2023-02-23,PUT,ATM,1860,2023-02-21 09:19:00,26.95,26.95,25.0,25.0,500
ACC,2023-02-21,2023-02-23,PUT,ATM,1860,2023-02-21 09:21:00,26.05,29.45,26.05,29.45,2750
ACC,2023-02-21,2023-02-23,PUT,ATM,1860,2023-02-21 09:22:00,29.45,30.55,29.45,30.55,1000
ACC,2023-02-21,2023-02-23,PUT,ATM,1860,2023-02-21 09:23:00,31.5,31.5,31.5,31.5,1000
ACC,2023-02-21,2023-02-23,PUT,ATM,1860,2023-02-21 09:25:00,31.7,31.7,31.7,31.7,250
ACC,2023-02-21,2023-02-23,PUT,ATM,1860,2023-02-21 09:27:00,27.15,27.15,27.15,27.15,250
ACC,2023-02-21,2023-02-23,PUT,ATM,1860,2023-02-21 09:28:00,28.0,28.0,28.0,28.0,250
ACC,2023-02-21,2023-02-23,PUT,ATM,1860,2023-02-21 09:29:00,30.9,30.9,30.9,30.9,500
ACC,2023-02-21,2023-02-23,PUT,ATM,1860,2023-02-21 09:30:00,26.0,26.0,26.0,26.0,2500
ACC,2023-02-21,2023-02-23,PUT,ATM,1860,2023-02-21 09:31:00,26.0,26.55,24.0,26.55,3750
ACC,2023-02-21,2023-02-23,PUT,ATM,1860,2023-02-21 09:33:00,24.6,24.6,24.6,24.6,750
ACC,2023-02-21,2023-02-23,PUT,ATM,1860,2023-02-21 09:35:00,25.7,25.95,25.7,25.95,500
ACC,2023-02-21,2023-02-23,PUT,ATM,1860,2023-02-21 09:36:00,26.0,27.5,26.0,27.5,750
ACC,2023-02-21,2023-02-23,PUT,ATM,1860,2023-02-21 09:37:00,28.4,28.4,28.3,28.3,1250
ACC,2023-02-21,2023-02-23,PUT,ATM,1860,2023-02-21 09:39:00,27.55,27.55,24.8,24.8,1000
ACC,2023-02-21,2023-02-23,PUT,ATM,1860,2023-02-21 09:40:00,27.5,27.5,27.5,27.5,500
ACC,2023-02-21,2023-02-23,PUT,ATM,1860,2023-02-21 09:42:00,24.7,24.7,24.7,24.7,750
ACC,2023-02-21,2023-02-23,PUT,ATM,1860,2023-02-21 09:44:00,23.5,24.8,23.5,24.8,500
ACC,2023-02-21,2023-02-23,PUT,ATM,1860,2023-02-21 09:46:00,27.2,29.95,27.2,29.95,1000
ACC,2023-02-21,2023-02-23,PUT,ATM,1860,2023-02-21 09:48:00,30.0,30.0,30.0,30.0,250
ACC,2023-02-21,2023-02-23,PUT,ATM,1860,2023-02-21 09:49:00,25.7,25.7,25.7,25.7,500
ACC,2023-02-21,2023-02-23,PUT,ATM,1860,2023-02-21 09:51:00,25.0,25.0,25.0,25.0,250
ACC,2023-02-21,2023-02-23,PUT,ATM,1860,2023-02-21 09:57:00,25.1,25.1,25.1,25.1,250
ACC,2023-02-21,2023-02-23,PUT,ATM,1860,2023-02-21 09:58:00,23.5,23.5,23.5,23.5,750
ACC,2023-02-21,2023-02-23,PUT,ATM,1860,2023-02-21 10:02:00,26.1,26.1,26.1,26.1,250
ACC,2023-02-21,2023-02-23,PUT,ATM,1860,2023-02-21 10:06:00,26.1,26.1,26.1,26.1,250
ACC,2023-02-21,2023-02-23,PUT,ATM,1860,2023-02-21 10:07:00,23.5,23.5,23.5,23.5,250
ACC,2023-02-21,2023-02-23,PUT,ATM,1860,2023-02-21 10:16:00,24.4,24.4,24.4,24.4,500
ACC,2023-02-21,2023-02-23,PUT,ATM,1860,2023-02-21 10:26:00,23.9,23.9,23.9,23.9,250
ACC,2023-02-21,2023-02-23,PUT,ATM,1860,2023-02-21 10:27:00,26.7,26.95,26.7,26.95,500
ACC,2023-02-21,2023-02-23,PUT,ATM,1860,2023-02-21 10:28:00,25.3,27.5,25.3,27.5,500
ACC,2023-02-21,2023-02-23,PUT,ATM,1860,2023-02-21 10:29:00,27.5,27.5,27.5,27.5,500
ACC,2023-02-21,2023-02-23,PUT,ATM,1860,2023-02-21 10:30:00,28.0,28.7,28.0,28.7,1000
ACC,2023-02-21,2023-02-23,PUT,ATM,1860,2023-02-21 10:31:00,29.0,29.0,29.0,29.0,750
ACC,2023-02-21,2023-02-23,PUT,ATM,1860,2023-02-21 10:32:00,27.6,27.6,27.6,27.6,250
ACC,2023-02-21,2023-02-23,PUT,ATM,1860,2023-02-21 10:37:00,30.35,30.35,30.35,30.35,250
ACC,2023-02-21,2023-02-23,PUT,ATM,1860,2023-02-21 10:38:00,30.4,30.4,30.4,30.4,1000
ACC,2023-02-21,2023-02-23,PUT,ATM,1860,2023-02-21 10:40:00,30.5,30.5,30.5,30.5,500
ACC,2023-02-21,2023-02-23,PUT,ATM,1860,2023-02-21 10:46:00,30.5,30.5,30.5,30.5,500
ACC,2023-02-21,2023-02-23,PUT,ATM,1860,2023-02-21 11:12:00,34.85,34.85,34.8,34.8,750
ACC,2023-02-21,2023-02-23,PUT,ATM,1860,2023-02-21 11:13:00,35.0,35.0,35.0,35.0,250
ACC,2023-02-21,2023-02-23,PUT,ATM,1860,2023-02-21 11:16:00,35.0,35.0,35.0,35.0,750
ACC,2023-02-21,2023-02-23,PUT,ATM,1860,2023-02-21 11:17:00,37.35,37.35,37.35,37.35,250
ACC,2023-02-21,2023-02-23,PUT,ATM,1860,2023-02-21 11:19:00,37.05,37.05,37.05,37.05,250
ACC,2023-02-21,2023-02-23,PUT,ATM,1860,2023-02-21 11:29:00,37.5,37.5,37.5,37.5,750
ACC,2023-02-21,2023-02-23,PUT,ATM,1860,2023-02-21 11:32:00,38.0,38.0,38.0,38.0,250
ACC,2023-02-21,2023-02-23,PUT,ATM,1860,2023-02-21 11:35:00,37.0,37.0,37.0,37.0,250
ACC,2023-02-21,2023-02-23,PUT,ATM,1860,2023-02-21 11:47:00,35.0,35.0,34.0,34.0,1000
ACC,2023-02-21,2023-02-23,PUT,ATM,1860,2023-02-21 11:48:00,39.0,39.0,37.45,37.45,1000
ACC,2023-02-21,2023-02-23,PUT,ATM,1860,2023-02-21 11:49:00,39.95,39.95,39.95,39.95,250
ACC,2023-02-21,2023-02-23,PUT,ATM,1860,2023-02-21 11:51:00,38.7,38.7,38.7,38.7,250
ACC,2023-02-21,2023-02-23,PUT,ATM,1860,2023-02-21 11:57:00,37.55,37.55,37.55,37.55,250
ACC,2023-02-21,2023-02-23,PUT,ATM,1860,2023-02-21 12:04:00,34.0,34.0,34.0,34.0,250
ACC,2023-02-21,2023-02-23,PUT,ATM,1860,2023-02-21 12:10:00,35.75,35.75,35.75,35.75,750
ACC,2023-02-21,2023-02-23,PUT,ATM,1860,2023-02-21 12:17:00,38.9,38.9,38.9,38.9,250
ACC,2023-02-21,2023-02-23,PUT,ATM,1860,2023-02-21 12:21:00,41.35,41.35,41.35,41.35,250
ACC,2023-02-21,2023-02-23,PUT,ATM,1860,2023-02-21 12:29:00,40.0,40.0,40.0,40.0,250
ACC,2023-02-21,2023-02-23,PUT,ATM,1860,2023-02-21 13:14:00,34.7,34.7,34.7,34.7,2000
ACC,2023-02-21,2023-02-23,PUT,ATM,1860,2023-02-21 13:45:00,40.0,40.0,40.0,40.0,500
ACC,2023-02-21,2023-02-23,PUT,ATM,1860,2023-02-21 14:06:00,38.5,38.5,38.5,38.5,500
ACC,2023-02-21,2023-02-23,PUT,ATM,1860,2023-02-21 14:30:00,41.0,41.0,41.0,41.0,250
ACC,2023-02-21,2023-02-23,PUT,ATM,1860,2023-02-21 14:56:00,39.35,39.35,39.35,39.35,250
ACC,2023-02-21,2023-02-23,PUT,ATM,1860,2023-02-21 15:20:00,37.0,37.0,37.0,37.0,500
ACC,2023-02-21,2023-02-23,PUT,ATM,1860,2023-02-21 15:21:00,39.75,39.75,39.75,39.75,500
ACC,2023-02-21,2023-02-23,PUT,ITM2,1880,2023-02-21 09:16:00,38.75,38.8,38.75,38.8,500
ACC,2023-02-21,2023-02-23,PUT,ITM2,1880,2023-02-21 09:18:00,39.45,39.45,39.45,39.45,500
ACC,2023-02-21,2023-02-23,PUT,ITM2,1880,2023-02-21 09:33:00,36.55,36.55,36.55,36.55,250
ACC,2023-02-21,2023-02-23,PUT,ITM2,1880,2023-02-21 09:37:00,40.0,40.0,40.0,40.0,250
ACC,2023-02-21,2023-02-23,PUT,ITM2,1880,2023-02-21 09:39:00,39.75,39.75,39.75,39.75,250
ACC,2023-02-21,2023-02-23,PUT,ITM2,1880,2023-02-21 09:43:00,35.55,35.55,35.55,35.55,250
ACC,2023-02-21,2023-02-23,PUT,ITM2,1880,2023-02-21 09:48:00,38.65,38.65,38.65,38.65,250
ACC,2023-02-21,2023-02-23,PUT,ITM2,1880,2023-02-21 09:57:00,36.5,36.5,36.5,36.5,250
ACC,2023-02-21,2023-02-23,PUT,ITM2,1880,2023-02-21 10:00:00,36.0,36.0,36.0,36.0,250
ACC,2023-02-21,2023-02-23,PUT,ITM2,1880,2023-02-21 10:03:00,38.35,38.45,38.35,38.45,500
ACC,2023-02-21,2023-02-23,PUT,ITM2,1880,2023-02-21 10:05:00,36.95,36.95,36.95,36.95,500
ACC,2023-02-21,2023-02-23,PUT,ITM2,1880,2023-02-21 10:06:00,39.35,39.35,39.35,39.35,250
ACC,2023-02-21,2023-02-23,PUT,ITM2,1880,2023-02-21 10:41:00,45.15,45.15,45.15,45.15,1250
ACC,2023-02-21,2023-02-23,PUT,ITM2,1880,2023-02-21 11:17:00,50.1,50.1,50.1,50.1,500
ACC,2023-02-21,2023-02-23,PUT,ITM2,1880,2023-02-21 11:20:00,52.1,52.1,52.1,52.1,250
ACC,2023-02-21,2023-02-23,PUT,ITM2,1880,2023-02-21 11:29:00,52.45,52.45,52.45,52.45,750
ACC,2023-02-21,2023-02-23,PUT,ITM2,1880,2023-02-21 11:39:00,51.55,51.55,51.55,51.55,250
ACC,2023-02-21,2023-02-23,PUT,ITM2,1880,2023-02-21 11:47:00,50.4,50.4,50.4,50.4,1000
ACC,2023-02-21,2023-02-23,PUT,ITM2,1880,2023-02-21 11:48:00,52.65,53.65,52.65,53.6,1000
ACC,2023-02-21,2023-02-23,PUT,ITM2,1880,2023-02-21 11:50:00,53.05,53.05,53.05,53.05,250
ACC,2023-02-21,2023-02-23,PUT,ITM2,1880,2023-02-21 11:51:00,55.25,55.25,55.25,55.25,1250
ACC,2023-02-21,2023-02-23,PUT,ITM2,1880,2023-02-21 11:54:00,49.65,49.65,49.65,49.65,750
ACC,2023-02-21,2023-02-23,PUT,ITM2,1880,2023-02-21 11:55:00,49.65,49.65,49.65,49.65,750
ACC,2023-02-21,2023-02-23,PUT,ITM2,1880,2023-02-21 14:16:00,55.35,55.35,55.35,55.35,250
ACC,2023-02-21,2023-02-23,PUT,ITM2,1880,2023-02-21 14:24:00,57.35,57.35,57.35,57.35,250
ACC,2023-02-21,2023-02-23,PUT,ITM2,1880,2023-02-21 14:37:00,55.0,55.0,55.0,55.0,250
ACC,2023-02-21,2023-02-23,PUT,ITM2,1880,2023-02-21 15:20:00,55.0,55.0,55.0,55.0,500
ACC,2023-02-21,2023-02-23,PUT,ITM2,1880,2023-02-21 15:21:00,59.2,59.2,59.2,59.2,250
ACC,2023-02-21,2023-02-23,PUT,ITM2,1880,2023-02-21 15:29:00,58.3,58.3,58.3,58.3,250
